date,spot,vol_factor,realized_vol,rate_shift,value,delta,gamma,vega,theta,rho,vanna,volga,delta_sabr,delta_bartlett,vanna_analytic,volga_analytic,vega_0-3M,vega_3M-6M,vega_6M-1Y,vega_1Y+
2025-08-01,621.719970703125,0.7850694777832838,0.11414671066481613,0.005890002250671385,1037190.5537463205,3552.9763961663875,16.31827932128879,2567131.3594310745,-185786.42313948984,4100147.0629695384,-18524.304092548104,-15273108.250409564,4261.6927771028295,2988.1998006939502,-18517.19059498264,-15239722.908702893,0.0,0.0,0.0,2567131.3594310745
2025-08-04,631.1699829101562,0.8614623345014991,0.12525399933090284,0.0055999994277954185,1083071.7895693318,3609.937430874731,12.80580711269765,2339625.905816563,-179681.1754835362,4153533.287108511,-19211.07728686703,-12589825.286115967,4256.044306017862,3120.692543626925,-19191.391021459072,-12561153.59977002,0.0,0.0,0.0,2339625.905816563
2025-08-05,627.969970703125,0.8462082807478973,0.12303610638059433,0.005570001602172851,1066356.946996227,3594.756740586592,14.03207573590262,2420500.6368026193,-182593.28852430606,4134164.5029905653,-19009.088908754202,-13543421.356133934,4266.640392120229,3077.8089669495093,-18993.62279675052,-13513004.286633302,0.0,0.0,0.0,2420500.63680262
2025-08-06,632.780029296875,0.8454276651613587,0.12292260725214946,0.005399999618530271,1087135.252085834,3637.5213014131004,12.504800304411113,2318790.970246762,-179350.82357266825,4179302.809149068,-19489.197824369578,-12368115.498581177,4281.315408837038,3156.117289528459,-19468.129068992253,-12339766.223621994,0.0,0.0,0.0,2318790.970246762
2025-08-07,632.25,0.8199788332157136,0.1192224246070932,0.005450000762939451,1082569.8072974798,3653.346405197072,12.838646201076923,2341022.486893539,-180434.6012322614,4192734.1958636106,-19652.59219682624,-12659897.317814454,4306.608657627357,3165.888118092,-19632.094795999787,-12630836.018805739,0.0,0.0,0.0,2341022.486893539
2025-08-08,637.1799926757812,0.821689325091153,0.11947112491544247,0.005399999618530271,1104822.3219433308,3689.551427387477,11.265635948880401,2230902.6634899275,-176737.0314502649,4231272.2709786855,-20025.526825603454,-11368702.52016507,4311.338022403153,3238.4649572519716,-19999.929286971274,-11342216.759755481,0.0,0.0,0.0,2230902.6634899275
2025-08-11,635.9199829101562,0.7984142460291188,0.11608699931818146,0.005500001907348631,1096169.8225415843,3709.703916352506,11.868774227389018,2271777.628896929,-179306.27108497417,4241877.560845869,-20208.41388273365,-11891753.764067799,4348.8967718176145,3247.0294459905754,-20184.210943432343,-11864061.235365473,0.0,0.0,0.0,2271777.628896929
2025-08-12,642.6900024414062,0.824272111394724,0.11984665417654075,0.005370001792907718,1128247.7848834929,3731.8451725218124,9.689790841084015,2112683.381163127,-173369.07350724202,4268801.894215722,-20362.986879520777,-9986667.58224232,4321.827704548244,3318.343309975572,-20333.250658555655,-9963234.332204318,0.0,0.0,0.0,2112683.381163127
2025-08-13,644.8900146484375,0.804370124785995,0.11695296594719305,0.005170001983642578,1135684.2534388816,3755.8926770918274,9.174734337064958,2074648.9839257346,-171811.00822737726,4294893.848582687,-20589.338333231935,-9546286.039660856,4335.474528748226,3355.660169493523,-20558.042965151224,-9523778.77005552,0.0,0.0,0.0,2074648.9839257346
2025-08-14,644.9500122070312,0.7798697390426854,0.11339068449088868,0.005190000534057618,1134059.2041412988,3776.7298942358566,9.254703310469559,2081246.963627262,-172355.19274949253,4313600.899770007,-20813.428799190035,-9647114.066983704,4360.547093468243,3376.270145810643,-20781.82041427723,-9624256.2384561,0.0,0.0,0.0,2081246.963627262
2025-08-15,643.4400024414062,0.7587059802251558,0.1103135384258733,0.005190000534057618,1125115.9638908082,3789.6933736949936,9.820529458044263,2124514.393120199,-174408.54907137796,4322243.003937611,-20975.413579532305,-10185309.265229989,4389.238593461079,3377.6311737496194,-20944.723348480213,-10161101.34340142,0.0,0.0,0.0,2124514.3931201985
2025-08-18,643.2999877929688,0.7356157642184076,0.10695629135373842,0.005300002098083498,1121917.9118934076,3819.1087019774704,10.015373970591682,2137882.3558945716,-175998.7269312332,4342174.005755274,-21260.552424930043,-10383384.364292,4427.58248063979,3404.770417308946,-21229.91950196889,-10358604.426594881,0.0,0.0,0.0,2137882.3558945716
2025-08-19,639.8099975585938,0.7278928469850582,0.1058334027128342,0.005170001983642578,1103461.1604067888,3811.2130810929266,11.282606825115092,2229788.7477420946,-179815.9149879312,4327902.98385773,-21199.153187128493,-11491949.396244364,4450.008666439637,3368.6571491560626,-21171.882936824535,-11464694.19936457,0.0,0.0,0.0,2229788.7477420946
2025-08-20,638.1099853515625,0.7092962753610004,0.10312951784582523,0.005219998359680178,1093710.9919360662,3818.79664448688,11.983382723890951,2278262.6860190234,-182014.60814084712,4330569.896283074,-21282.196170614727,-12094052.377004515,4474.83852412144,3361.9204411821606,-21256.662364600983,-12065440.457929201,0.0,0.0,0.0,2278262.6860190234
2025-08-21,635.5499877929688,0.6960408854587586,0.10120222453136245,0.005349998474121091,1080488.2144783298,3816.0960391157705,12.982622517454967,2344590.5124987746,-184926.52191271714,4321600.225044161,-21239.657513830614,-12904869.230994223,4494.716064308528,3338.0214706138763,-21217.10551443773,-12874589.152713444,0.0,0.0,0.0,2344590.5124987746
2025-08-22,645.3099975585938,0.7883666373240803,0.11462610761855037,0.0049499988555908245,1130588.7386425906,3807.1145045129233,9.43841950688169,2092621.8422893984,-175168.98253854824,4321138.971083329,-21005.71718947107,-9820350.68564244,4403.175537716147,3403.6462719665888,-20975.034185309727,-9797112.397066994,0.0,0.0,0.0,2092621.8422893984
2025-08-25,642.469970703125,0.7733983620750696,0.11244976599229776,0.0049999999999999975,1114706.267913922,3819.9720117292272,10.493811063891108,2169290.3913077237,-179383.10501210624,4320745.3194623375,-21140.394723218407,-10765099.75178169,4444.8771737388815,3393.9742873746836,-21112.145057474092,-10739668.251378417,0.0,0.0,0.0,2169290.391307724
2025-08-26,645.1599731445312,0.7581176632666059,0.11022799893217598,0.0049499988555908245,1125763.6595666744,3845.9435454388854,9.716223653343846,2112830.7768605673,-177244.6681296957,4347521.208510835,-21381.40507333335,-10107292.971571837,4454.376334076901,3438.850937711964,-21350.8960261802,-10083243.07327385,0.0,0.0,0.0,2112830.7768605673
2025-08-27,646.6300048828125,0.7375382717208273,0.10723581808842854,0.004670000076293944,1129451.4190670233,3868.3708036082417,9.419955835445322,2092692.9469815423,-176277.31963623408,4370797.276668569,-21604.220860087647,-9878302.969401034,4471.740079305771,3469.3010188428984,-21572.679249105582,-9854672.647361815,0.0,0.0,0.0,2092692.9469815418
2025-08-28,648.9199829101562,0.7212927765160616,0.10487377257115658,0.004790000915527344,1139537.319399886,3891.989205873359,8.734747379234392,2040639.291766195,-174422.0728282765,4393872.846727442,-21809.48387892351,-9273006.885493657,4480.271693240566,3509.7180404334626,-21776.11068659899,-9250709.838573692,0.0,0.0,0.0,2040639.2917661956
2025-08-29,645.0499877929688,0.7173826185985926,0.10430524752071221,0.00450000286102295,1118510.6125053356,3885.4489961616455,10.126427361629808,2145573.007420604,-178896.11552500952,4380297.574802327,-21796.275906999064,-10534500.443558272,4508.846790466086,3471.9655715019094,-21766.15156799554,-10509278.721009914,0.0,0.0,0.0,2145573.007420604
2025-09-02,640.27001953125,0.7234130978135502,0.10518206082908793,0.00439000129699707,1092636.2793303682,3875.707445832052,11.978380431018191,2273263.99704494,-185362.54612040997,4351686.670514717,-21651.889708403458,-12074781.913684377,4544.626903541315,3421.1974894707155,-21627.350109357918,-12046365.996403603,0.0,0.0,0.0,2273263.99704494
2025-09-03,643.739990234375,0.7161150400028112,0.1041209454540644,0.004250001907348637,1107748.3923014093,3903.3678074996637,10.848319304679421,2195809.060687309,-182373.77810900542,4380767.718652432,-21920.0067777255,-11161431.161779659,4548.646113745514,3474.8783199095533,-21892.068782360213,-11134841.940933019,0.0,0.0,0.0,2195809.060687309
2025-09-04,649.1199951171875,0.7291042001969505,0.10600952977993303,0.004049999713897703,1133080.452088879,3917.617451477602,9.073055275242414,2067027.8814636054,-176971.25153786672,4400146.260261484,-21975.154833501598,-9611129.647030907,4520.900765269694,3528.408263957082,-21943.161489307735,-9588044.202828985,0.0,0.0,0.0,2067027.8814636054
2025-09-05,647.239990234375,0.7111358513744706,0.1033969865946402,0.0031700015068054227,1117451.1533792212,3924.0557949920308,10.047369559789853,2143621.7744463794,-179391.08920419752,4405834.146603988,-22088.260671663294,-10523329.231186267,4552.932837038337,3513.641791830954,-22058.472427151682,-10498095.540090613,0.0,0.0,0.0,2143621.7744463794
2025-09-08,648.8300170898438,0.6925872830570337,0.10070008126219074,0.0033500003814697296,1123044.511590836,3959.9852426476173,9.635758729383873,2111036.332060226,-179034.56611572212,4432172.484062451,-22412.811525126766,-10170614.23171242,4581.990742836964,3561.879003504333,-22381.685952959095,-10146056.750600796,0.0,0.0,0.0,2111036.3320602262
2025-09-09,650.3300170898438,0.6743221214347903,0.09804438239993558,0.0035000014305114763,1129424.5241960404,3984.2769186274045,9.176936470729668,2076721.5955189406,-177922.34193366545,4454054.279675547,-22643.853057688004,-9780883.967042372,4596.730723760138,3598.166316135351,-22611.290522876927,-9757111.658557188,0.0,0.0,0.0,2076721.5955189406
2025-09-10,652.2100219726562,0.6583217941549199,0.0957179835521359,0.003370001316070556,1136326.1115587654,4005.467671513142,8.663015431257495,2039215.4099189243,-176256.78069844603,4475235.29162242,-22834.199132097856,-9341641.465915699,4606.600617956185,3632.1910489769716,-22800.273518899812,-9318800.990046605,0.0,0.0,0.0,2039215.4099189243
2025-09-11,657.6300048828125,0.6755513247897222,0.09822310482345893,0.0033500003814697296,1163096.2742247384,4003.432734843652,6.924490854459421,1902688.3793154773,-170144.09250172187,4479311.335786799,-22637.212424112226,-7692736.99083186,4558.263779002636,3668.5826728956317,-22600.62253763893,-7673946.915222772,0.0,0.0,0.0,1902688.3793154773
2025-09-12,657.4099731445312,0.6550324493960918,0.09523972284389523,0.0033500003814697296,1160284.145540921,4024.6227477290113,7.05511785810387,1913980.3605880989,-170891.61959169066,4496110.15436279,-22874.267004560155,-7844674.877230773,4584.9203658664,3688.397053931757,-22837.488882639424,-7825409.173043203,0.0,0.0,0.0,1913980.3605880989
2025-09-15,660.9099731445312,0.6507598884430076,0.09461850549599048,0.003070001602172856,1173829.1653391302,4042.8956306783602,6.140682614902222,1840206.1759705488,-167679.94017039082,4511270.974258484,-22921.10346011583,-6972081.100005311,4579.78655672256,3728.7163963100984,-22883.199634914,-6954932.398635018,0.0,0.0,0.0,1840206.1759705488
2025-09-16,660.0,0.6320101677124974,0.09189235321541174,0.0029700016975402824,1167244.490626779,4063.594588926392,6.49376270605104,1870376.9817130235,-169250.9676790553,4526505.151570996,-23180.01006618485,-7347308.555498842,4612.283011128879,3742.9014990356236,-23142.221212020828,-7329122.397533468,0.0,0.0,0.0,1870376.981713024
2025-09-17,659.1799926757812,0.6136579375389422,0.08922399485101588,0.0027500009536743156,1160398.8178477876,4083.521369938974,6.866101920454486,1902039.5453598718,-170699.61757574196,4541751.923847824,-23430.63609152043,-7739149.977963962,4644.306341375064,3755.8906238342906,-23393.077661470597,-7719889.099378962,0.0,0.0,0.0,1902039.5453598718
2025-09-18,662.260009765625,0.6078846582092182,0.08838457762249502,0.0028700017929077157,1175304.3635000254,4092.1416930232263,5.90349549459166,1824027.5183975548,-167210.4909920665,4551848.1847647745,-23399.803470042876,-6808453.312570748,4626.936112139292,3786.572687553313,-23360.93289166729,-6791488.16622241,0.0,0.0,4481228.674511229,-2657201.156113674
2025-09-19,663.7000122070312,0.5922216674087932,0.08610722647124401,0.0028500008583068823,1180854.8012707178,4108.477672278844,5.5086530703767735,1792662.8271893659,-165769.09445299854,4567001.067599889,-23518.852231681474,-6441409.643131523,4633.554920899283,3812.7740500929112,-23479.317259267846,-6425295.037667355,0.0,0.0,4454312.734381195,-2661649.9071918293
2025-09-22,666.8400268554688,0.587891468012254,0.08547762866923372,0.002550001144409182,1192703.319686758,4122.88922542573,4.714083396402657,1726853.7676719092,-162663.18199482973,4577743.074248791,-23510.665695805445,-5665796.304867285,4626.5565351176865,3846.19992652956,-23470.61162342506,-5651593.152089563,0.0,0.0,4398721.254725381,-2671867.4870534716
2025-09-23,663.2100219726562,0.5883785458998781,0.08554844831040338,0.0025200009346008287,1174163.3801444657,4135.82332186681,5.83371860725109,1819678.379337829,-167803.9330302591,4578400.787164047,-23784.558261139355,-6792074.181665271,4673.044348481177,3835.0630889336935,-23745.522850684225,-6774974.429758509,0.0,0.0,4435967.902061101,-2616289.522723272
2025-09-24,661.0999755859375,0.5767848787907388,0.08386276442827385,0.002650001049041742,1163178.8797019208,4154.203039317508,6.509390918838115,1873725.16230545,-171010.70576014317,4586739.989493987,-24051.002387354827,-7461586.129882108,4711.918750524377,3839.8689291045457,-24012.57838713864,-7442741.680652592,0.0,0.0,4449774.023784812,-2576048.8614793615
2025-09-25,658.0499877929688,0.5727246969932873,0.08327242636266868,0.002899999618530276,1148429.141978968,4165.501121546277,7.498433916190876,1948717.5939023276,-175437.8787655171,4585675.020851764,-24253.616263306718,-8388228.119157477,4750.983229566818,3830.7213381346014,-24216.600958032566,-8367084.511293264,0.0,0.0,4474427.836712433,-2525710.2428101054
2025-09-26,661.8200073242188,0.5759116644881984,0.08373580172858784,0.002669999599456789,1165660.611269204,4166.690934152177,6.318784991715546,1857705.1196528915,-170817.21457110654,4591966.546366182,-24126.171470689413,-7283773.957049674,4720.401455519507,3857.62366632497,-24087.58536905538,-7265337.253451911,0.0,0.0,4427168.28206132,-2569463.1624084283
2025-09-29,663.6799926757812,0.5633889157080844,0.08191503220157988,0.0026999998092651356,1172691.8923078692,4193.605540455747,5.790112515711382,1815458.8666463266,-169491.58295993943,4609134.608400713,-24305.232134044836,-6800555.996603636,4735.122398148147,3898.114159259034,-24265.938188953798,-6783219.860302639,0.0,0.0,4380702.751641623,-2565243.884995296
2025-09-30,666.1799926757812,0.5554035410611374,0.08075398305221168,0.0025200009346008287,1183189.3811669177,4201.260386598955,5.072507600496142,1758633.5460586976,-166429.6312338285,4618919.657907007,-24281.197119329256,-6119203.297853346,4723.151005238991,3921.978068086828,-24241.151737370703,-6103531.795039215,0.0,0.0,4342947.068076438,-2584313.5220177416
2025-10-01,668.4500122070312,0.5461145198316332,0.07940338766078538,0.0025200009346008287,1193451.7820263312,4209.169868773603,4.395645963954369,1703302.201855442,-163655.38496377546,4627534.066794315,-24255.01440272476,-5461858.696407091,4712.189403335733,3945.339732683561,-24214.36812444239,-5447810.731812139,0.0,0.0,4304595.507848241,-2601293.3059927993
2025-10-02,669.219970703125,0.5303719930093075,0.07711447221422517,0.002550001144409182,1196110.724686948,4226.547273190828,4.171033138795828,1686119.9701407459,-162954.9043188786,4641437.911572605,-24401.219640288626,-5266297.363549767,4724.655565219238,3968.6103681385275,-24360.193838342922,-5252660.419316361,0.0,0.0,4282626.5828716755,-2596506.6127309296
2025-10-03,669.2100219726562,0.5142148791886406,0.07476527708098211,0.002650001049041742,1195263.6400822466,4247.113116077417,4.161262176185037,1686890.793497054,-163359.60306756495,4656018.152000038,-24616.24881874291,-5288442.464475906,4746.924827047616,3990.4717419945578,-24574.937821857857,-5274652.099101214,0.0,0.0,4269558.933189562,-2582668.1396925077
2025-10-06,671.6099853515625,0.5076590638558668,0.07381208150130544,0.002669999599456789,1205408.660241621,4263.394942456528,3.467801365019568,1628885.354024245,-160940.83217669703,4664253.84464371,-24622.357417876672,-4616635.628428583,4744.373084384636,4023.2266075108555,-24580.822702768677,-4604483.714876856,0.0,0.0,4213664.963271567,-2584779.6092473217
2025-10-07,669.1199951171875,0.5021178507196845,0.0730064059904273,0.0025000000000000022,1191166.1106148714,4284.815961004498,4.286453722402211,1699319.5325163347,-164868.6793126918,4674770.674455997,-24975.916019364617,-5470832.058275902,4792.047998200324,4027.7606087926774,-24934.707421220246,-5456402.559135631,0.0,0.0,4239992.491274085,-2540672.95875775
2025-10-08,673.1099853515625,0.5121288445735737,0.074461974002234,0.0025000000000000022,1211090.6268511899,4266.292368511317,3.0920184465501137,1596733.530387863,-159383.88137528393,4663058.268519778,-24543.160378812878,-4244593.182117172,4736.343722584334,4034.855192849152,-24501.783984132933,-4233369.115940046,0.0,0.0,4182322.6895775246,-2585589.1591896615
2025-10-09,671.1599731445312,0.5025529750071586,0.07306967173639131,0.002599999904632569,1200900.511423487,4290.137625635373,3.6526251394574594,1645865.658772055,-162592.9802308642,4675538.798496777,-24889.131388258003,-4845337.583458616,4779.342465094026,4047.5264294392855,-24847.73438021606,-4832479.277500555,0.0,0.0,4196911.817031441,-2551046.158259386
2025-10-10,653.02001953125,0.8799749271209539,0.12794567390645148,0.002599999904632569,1131113.0386749255,3996.9402761779197,9.042222042143088,2030994.0627025096,-186268.62537145434,4360604.1082965955,-22049.502867743955,-9299436.526745807,4611.990359291902,3620.603941663292,-22022.007443525097,-9277643.02273002,0.0,0.0,4482486.010696797,-2451491.947994287
2025-10-13,663.0399780273438,0.9453771765789124,0.13745496175545194,0.002599999904632569,1181794.369264122,3970.2592965385006,5.890635498135545,1782417.350529802,-174590.09065453825,4343598.968977782,-21407.491278638223,-6391324.955269227,4496.134020753634,3663.391090209074,-21375.97428529943,-6376447.081742484,0.0,0.0,4375966.538607016,-2593549.188077214
2025-10-14,662.22998046875,0.917159983818568,0.133352267880659,0.002599999904632569,1175778.4154907817,3998.1015625379528,6.181555020729665,1807615.3266585264,-176102.60740755295,4364152.316034433,-21728.025607979853,-6701575.793049131,4534.902174127028,3686.4341298791355,-21696.420090488686,-6685835.915553058,0.0,0.0,4371878.94955597,-2564263.6228974434
2025-10-15,665.1699829101562,0.897076310261673,0.13043216292248566,0.002650001049041742,1188517.7452494232,4016.311241775222,5.372312207117883,1742573.5082125403,-172640.97913224023,4383110.489127435,-21813.465308103776,-5961202.943820752,4530.92798207517,3724.3883381028327,-21780.66354418921,-5947145.866585761,0.0,0.0,4329559.463361471,-2586985.9551489307
2025-10-16,660.6400146484375,0.8887407166617659,0.12922019300416113,0.002599999904632569,1165288.028947722,4032.3543087058392,6.75027004992026,1853465.9243809562,-179075.67454312526,4385043.596272367,-22123.24408509091,-7262832.212620083,4588.3496533095085,3710.333004969041,-22092.01974447987,-7245627.228295878,0.0,0.0,1401354.5084361727,452111.4159447844
2025-10-17,664.3900146484375,0.8748618056870576,0.12720224162507301,0.0023900008201599154,1181047.4375474816,4045.900276708698,5.721402945694198,1773158.1405552765,-174469.40598216077,4402545.990975376,-22142.569324023672,-6334095.894350754,4573.495564465776,3747.9876467618456,-22109.881842880513,-6319017.669823397,0.0,0.0,1370630.627974527,402527.5125807496
2025-10-20,671.2999877929688,0.8922044125526469,0.12972380383591028,0.002050001621246335,1211693.90357955,4034.0752758823455,3.934701943640995,1621305.7941594436,-166071.9169540223,4397072.555220067,-21698.497806984382,-4587382.742060982,4506.462675511877,3777.129584970993,-21664.927459707942,-4576577.221111075,0.0,0.0,1318067.3358665495,303238.45829289407
2025-10-21,671.2899780273438,0.8650243638045878,0.12577190754125298,0.0019200015068054285,1209097.493759958,4061.4235813176256,3.980842259434894,1628655.7700230577,-166404.6026977306,4419005.354651306,-21990.265070733356,-4681807.478343954,4537.938242208351,3804.810015779237,-21956.3088498102,-4670648.750430968,0.0,0.0,1310326.2228357778,318329.5471872799
2025-10-22,667.7999877929688,0.8501786704606641,0.12361338895060255,0.0019500017166137681,1191110.6120383933,4088.7324504320895,4.958836735568731,1712514.6537115895,-171667.72745867883,4431997.404132709,-22411.21520727085,-5665885.535042889,4597.600421288986,3811.27594301134,-22377.691392954104,-5652238.393319246,0.0,0.0,1328526.5710610459,383988.08265054366
2025-10-23,671.760009765625,0.8393077705636524,0.1220327932194908,0.0019500017166137681,1209177.988119076,4092.672893046757,3.874221878584951,1621843.8519399422,-166431.66692229587,4440661.18167371,-22277.141317814065,-4624323.443070466,4568.880431457197,3840.326115902558,-22242.783123650992,-4613174.529823526,0.0,0.0,1295300.5832372955,326543.2687026467
2025-10-24,677.25,0.8423502050100654,0.12247515392042134,0.0017000007629394548,1233727.3613928529,4074.464824365198,2.530574061279772,1502648.6757438951,-158888.6518112386,4434337.272691652,-21823.034518594475,-3258074.0843314976,4506.14935656641,3852.615059369829,-21788.604969588003,-3250307.3836294385,0.0,0.0,1255964.626583578,246684.04916031705
2025-10-27,685.239990234375,0.8748528267492607,0.12720093611486813,0.0012500000000000011,1268656.3032543273,4024.7568123035135,0.8667864803482956,1339515.1630145838,-148423.05619343906,4398898.401203876,-20852.120737835023,-1443874.7329057828,4394.682003422698,3841.3681837625386,-20819.323821862577,-1440621.1247279132,0.0,0.0,1202146.6671259133,137368.49588867044
2025-10-28,687.0599975585938,0.8511624562392941,0.12375642840609956,0.0012700009346008276,1275786.4388783257,4037.383467461369,0.44487553910375865,1301373.9209145368,-145911.34606558556,4411071.760326184,-20872.260890551646,-1026680.3812615424,4394.209454078963,3864.613569008714,-20839.496330133,-1024361.3813912263,0.0,0.0,1181250.435080118,120123.4858344188
2025-10-29,687.3900146484375,0.8253325460427855,0.1200008381441725,0.0013700008392334012,1276421.2220503986,4060.934336702014,0.3037389768329142,1292258.2244309261,-145517.7076804671,4429067.466513812,-21080.749075066276,-930335.1393015189,4415.818519724473,3892.247817409553,-21047.668324727587,-928162.52041703,0.0,0.0,1168873.937844254,123384.28658667207
2025-10-30,679.8300170898438,0.8530984016198916,0.12403790896734353,0.0016400003433227547,1243130.8542089676,4089.9429368826422,1.9607465844330605,1449059.9006694946,-157094.32654579624,4431265.022493089,-21743.051830549346,-2700156.818509641,4504.209188486277,3883.2560769523325,-21709.166319299286,-2693689.6549347546,0.0,0.0,1220706.4827253004,228353.41794419428
2025-10-31,682.0599975585938,0.8317335539729227,0.12093152519906558,0.0012500000000000011,1250258.1025020517,4101.666370292172,1.4921247631357346,1409914.5025159717,-153970.586219988,4445371.985086633,-21760.559792552598,-2258597.6244624816,4501.7631227586,3906.3637079034897,-21726.582311937767,-2253117.1265257867,0.0,0.0,1199123.4654149828,210791.0371009889
2025-11-03,683.3400268554688,0.8079530850231935,0.11747391745160492,0.0019000005722045882,1257285.7073126817,4131.024517253647,1.0300290100996747,1368832.2555983756,-152869.7691727485,4459625.517339062,-21914.7055804221,-1831901.0912310313,4518.81685103876,3948.0906749027513,-21880.618765645806,-1827355.015986808,0.0,0.0,1171274.8397379545,197557.41586042102
2025-11-04,675.239990234375,0.8457656278736765,0.1229717460010502,0.002000000476837162,1220171.1008925904,4149.228668227903,3.0621871409007184,1548567.758460076,-165610.59446339024,4451217.15258412,-22480.270630084902,-3883688.6833141195,4604.8697847745025,3920.4144820581196,-22446.34204473203,-3874167.8999620797,0.0,0.0,1231615.9655934572,316951.79286661884
2025-11-05,677.5800170898438,0.825203083309836,0.11998201465715887,0.0019500017166137681,1229759.9645140138,4162.075167108715,2.450669290024731,1497854.550312398,-162338.20191609534,4464474.724020336,-22494.27005708329,-3312571.104770257,4599.6205704267195,3947.8343990553426,-22460.005499909967,-3304360.341509131,0.0,0.0,1207475.0651176842,290379.48519471474
2025-11-06,670.3099975585938,0.8504886689068519,0.12365846178039011,0.0017000007629394548,1193617.3198824234,4176.027115035011,4.545371539659417,1673627.6817139536,-173735.04818786128,4456281.435482688,-22953.81732335269,-5336081.247309039,4679.67067387477,3915.2250021049476,-22920.869146124973,-5322974.635052619,0.0,0.0,1262103.3507291763,411524.33098477824
2025-11-07,670.969970703125,0.8249992539720951,0.1199523784923371,0.0016400003433227547,1194679.9632372698,4202.5719253056195,4.384934413893564,1663573.988548549,-173079.74198168097,4477208.638692053,-23204.78321639603,-5233229.397241813,4703.856739065609,3946.684048412694,-23171.387623987528,-5220233.14292023,0.0,0.0,1248907.7684689355,414666.2200796134
2025-11-10,681.4400024414062,0.9006998104739616,0.13095900881578657,0.0019000005722045882,1248820.719842021,4110.319879498265,1.610501834432263,1410219.3772047916,-158494.3813633978,4408268.399068217,-21624.137234593778,-2368637.2046498135,4518.025203355251,3915.064633282739,-21591.576527027526,-2362921.993976319,0.0,0.0,1181631.0274701775,228588.34973461414
2025-11-11,683.0,0.8753994926886519,0.1272804196772532,0.0019000005722045882,1254759.2084477644,4127.741382203774,1.2057384859306524,1377244.1254934962,-156314.56513436785,4423546.268954486,-21711.77511924136,-2007850.9331912631,4525.99549727996,3942.3434569539427,-21679.023944758046,-2002909.5770507613,0.0,0.0,1162007.9498944022,215236.17559909495
2025-11-12,683.3800048828125,0.8488616451637765,0.1234218974842338,0.0018500018119812014,1254829.2461323824,4153.375987105709,1.0777495988116037,1370996.1431960347,-155907.1611059829,4443269.821227041,-21948.69032334495,-1944023.4514431152,4552.44886541281,3971.5399720377595,-21915.59735457544,-1939117.5716862585,0.0,0.0,1149914.4871326485,221081.65606338624
2025-11-13,672.0399780273438,0.9368007474819118,0.13620797508946048,0.002000000476837162,1204390.1844064773,4140.963049444747,4.0513458361173775,1619995.3828612315,-174146.85556327208,4399825.708533302,-22302.788446432947,-4768393.1628967,4636.109306644898,3890.640985419493,-22271.269283287606,-4756911.695050816,0.0,0.0,1242881.7335386863,377113.64932254516
2025-11-14,671.9299926757812,0.9082725702603299,0.13206006502129525,0.0019500017166137681,1201648.5861245166,4171.735404523671,4.105069691545939,1628156.9475471699,-174662.37138080224,4422348.214349568,-22626.154383541674,-4875967.702770652,4673.608354598296,3921.462270384305,-22594.316843714085,-4864083.424389931,0.0,0.0,1234763.5440845843,393393.4034625855
2025-11-17,665.6699829101562,0.9154909227714292,0.13310959148854193,0.0017900013923645014,1168371.5129449891,4199.305439465473,6.1187570361420285,1785282.832054161,-185507.74222370086,4419640.768601126,-23093.752368699446,-6705328.9930197485,4769.295389267258,3905.374859691964,-23064.35806511299,-6689124.602974718,0.0,0.0,1271714.9463588372,513567.8856953238
2025-11-18,660.0800170898438,0.9158051859955278,0.13315528440404678,0.0017900013923645014,1139347.2880330759,4207.741929468573,8.080284208342782,1926709.9547160366,-194340.5181735005,4410077.733926963,-23326.903873654963,-8347639.180388454,4834.6051777745815,3871.5152567726172,-23300.82312296555,-8327802.600141967,0.0,0.0,1309635.218298926,617074.7364171105
2025-11-19,662.6300048828125,0.8938736081767171,0.12996649979510322,0.0017900013923645014,1150464.4854664572,4234.156893956628,7.239176010873219,1868483.275685778,-191055.72964943526,4433765.048812455,-23527.49357651145,-7695172.869572957,4842.446317994405,3917.618173258071,-23499.707810416,-7676610.000299307,0.0,0.0,1283524.0080870045,584959.2675987743
2025-11-20,652.530029296875,0.9590636420043887,0.13944493213789128,0.001820001602172855,1102061.410866376,4165.534150990852,10.907806792389867,2109716.3623083243,-206010.8466292731,4350718.949613133,-22941.772076614216,-10434575.472240794,4865.326553397414,3766.081648826948,-22922.771402542607,-10410880.83160598,0.0,0.0,1366310.798561864,743405.5637464602
2025-11-21,659.030029296875,0.9668935062648153,0.14058337055076053,0.001470000743865968,1133582.4525826725,4179.070159087058,8.521176439461073,1951862.3915524222,-197176.92632106075,4372677.436457564,-22954.082068778975,-8623033.837458536,4821.464892727147,3831.2838342993036,-22929.892261094006,-8602879.520356447,0.0,0.0,1317625.5170782288,634236.8744741934
2025-11-24,668.72998046875,1.0156191027529595,0.14766792385680325,0.0013700008392334012,1183123.3993546017,4149.598258405458,5.291015474416522,1709978.247934265,-184083.22130443394,4357753.065514968,-22263.448938174555,-5858656.43888809,4704.552506056594,3871.6845601536265,-22235.080941737448,-5844759.827090701,0.0,0.0,1247604.9900351893,462373.25789907575
2025-11-25,675.02001953125,1.0160119077769647,0.14772503651076785,0.0013900017738342277,1213705.7346114889,4136.0425566309905,3.4844975032902354,1564180.3963013804,-174827.73570964602,4357099.783561582,-21849.236071867803,-4221147.649983548,4635.878823467207,3898.8890836317323,-21819.482022985223,-4211060.1062653065,0.0,0.0,1201562.6888967515,362617.70740462886
2025-11-26,679.6799926757812,1.0020955287460267,0.1457016373904356,0.001600000858306888,1236259.158020557,4132.333416686579,2.2196892230391647,1456891.4724737331,-167901.81383555324,4360404.455898814,-21573.279582913696,-3037336.180790362,4592.513399266976,3924.5348683015295,-21543.035121284338,-3030004.864392896,0.0,0.0,1163581.730242089,293309.7422316442
2025-11-28,683.3900146484375,0.9824144056637825,0.14284006204506505,0.0010400009155273476,1249484.0862537664,4140.745863359234,1.3987118327341115,1389181.685690756,-162603.93081309996,4371296.704327866,-21465.269629620583,-2298969.8366171746,4578.052847483035,3952.447554185388,-21435.000873467943,-2293273.8762312355,0.0,0.0,1130390.8401269554,258790.8455637996
2025-12-01,680.27001953125,0.9603155029592764,0.13962694890743074,0.001000001430511474,1231853.6024689698,4196.698167283072,2.1525848279628583,1461540.5422527287,-168572.3952972046,4398163.319318712,-22138.510603404335,-3130841.1564319264,4670.963754459115,3993.054227776215,-22108.017030813942,-3122984.6067642225,0.0,0.0,1135285.3128278046,326255.2294249241
2025-12-02,681.530029296875,0.9323747656895653,0.13556445081886315,0.0007899999618530273,1235248.7991357064,4220.563044233678,1.8308795027693527,1439642.0854177377,-166676.26279198716,4418019.7285130555,-22319.01794898821,-2895007.01290649,4688.860069331833,4025.0641269970047,-22288.190186894204,-2887564.34246526,0.0,0.0,1117591.0070422809,322051.07837545685
2025-12-03,683.8900146484375,0.9086857749311932,0.13212014372177353,0.0004200005531311071,1243444.994359964,4233.71044750952,1.2598210283725528,1395629.627421585,-162932.36812240694,4432528.781395026,-22334.60558074734,-2410218.732730129,4686.500332107628,4051.623272177907,-22303.581314865045,-2403802.9839772554,0.0,0.0,1093958.310735317,301671.31668626796
2025-12-04,684.3900146484375,0.8812203310337603,0.12812675184174116,0.00019000053405762024,1243122.8296402858,4261.77001901051,1.1239910465138259,1390567.5424323194,-162185.38498867222,4453874.672095079,-22594.075417360888,-2360837.556251738,4715.286459406105,4083.515482771081,-22562.753094243715,-2354376.536970564,0.0,0.0,1080922.4061494828,309645.1362828375
2025-12-05,685.6900024414062,0.8558808170620311,0.12444246369709815,9.99999046325667e-05,1247590.9863002035,4282.270411649854,0.7520837409356638,1363867.8810109426,-160121.55083222943,4470406.891685718,-22722.67031075624,-2072675.3424298745,4727.7255839538775,4112.987439732233,-22691.133481304263,-2066760.9953397904,0.0,0.0,1062284.65997918,301583.22103176266
2025-12-08,683.6300048828125,0.8336994897687395,0.12121736627532845,0.0002500009536743203,1235732.7511098627,4338.044149382043,1.2093602692242484,1409835.8914205618,-164422.02790871676,4496690.848765679,-23341.861877963653,-2619948.062131527,4807.714526063793,4161.550532837949,-23310.116031246584,-2612494.1470970353,0.0,0.0,1058436.1770417597,351399.7143788021
2025-12-09,683.0399780273438,0.8086314255810207,0.11757254610241573,0.00039000034332275363,1231939.5358557247,4372.880522432656,1.291411938801751,1422122.2717562364,-165592.7300003362,4518306.535424117,-23713.896124351806,-2771992.3618727196,4849.772898301354,4196.128335312753,-23681.86938193438,-2763999.3256683834,0.0,0.0,1051369.75774542,370752.51401081635
2025-12-10,687.5700073242188,0.8036813731883852,0.11685282356291098,0.0,1252030.8898252423,4351.645269986182,0.1350167370889146,1324128.7296822984,-157989.947329139,4510710.154330301,-23225.559167133455,-1681551.000847321,4788.25378204742,4200.552903721714,-23193.783635888845,-1676156.5822051316,0.0,0.0,1016635.2632445097,307493.4664377887
2025-12-11,689.1699829101562,0.7816734686598545,0.1136529412828734,-0.00024999856948852706,1257470.4591336013,4367.134067290304,-0.2951378649753309,1292475.6979484526,-155253.97522166715,4524319.270185347,-23280.31634274983,-1337127.4356975965,4791.771225822634,4226.343540660271,-23248.501123539405,-1332407.6124357488,0.0,0.0,996535.7886367207,295939.9093117318
2025-12-12,681.760009765625,0.811131632823251,0.11793606861953963,-0.0006799983978271404,1218502.689330804,4404.100278783285,1.9117869442666553,1477813.904920747,-168722.69919846847,4530445.762129787,-24077.730987147836,-3419739.5187368337,4905.452013976924,4216.556641834835,-24046.26765309715,-3410027.7369498704,0.0,0.0,1053658.394475204,424155.5104455431
2025-12-15,680.72998046875,0.7874601671148419,0.11449430961133147,-0.0005499982833862271,1211398.8571060873,4457.755540829491,2.16332153847803,1503036.5442958102,-171544.65491019376,4555567.04272132,-24613.68758707861,-3746255.1335426057,4973.952368460004,4268.536804219288,-24582.360098297922,-3735504.534982479,0.0,0.0,1042258.2005048115,460778.3437909987
2025-12-16,678.8699951171875,0.7669694593780783,0.11151502312327452,-0.00047999858856201394,1200598.4060314796,4498.208360955508,2.7220228800036033,1551011.2268451331,-175133.64379283902,4577160.047063161,-25114.668345197217,-4311067.469146224,5036.390422443736,4298.919123149241,-25083.58987696393,-4298787.507797432,0.0,0.0,1045972.6325914739,505038.5942536602
2025-12-17,671.4000244140625,0.800317304715181,0.11636369825421636,-0.0004999995231628404,1161887.4812023751,4507.5638415237945,5.430683824707849,1744482.471776106,-189098.95284260914,4558713.060813953,-25514.83341849756,-6536791.277786449,5126.235169752867,4252.371510773306,-25487.200294390575,-6519600.393516544,0.0,0.0,1107544.1349654463,636938.3368106596
2025-12-18,676.469970703125,0.8015953056858289,0.1165495157024221,-0.0007099986076354939,1187354.9831164621,4492.876521797289,3.6517409162840764,1615666.0399021055,-180454.28845356376,4557262.474130496,-25112.04267676555,-5061803.5530007435,5058.8766625123535,4275.411816884707,-25082.391270863525,-5047924.778832208,0.0,0.0,-2300509.0156980613,3916175.0556001673
2025-12-19,680.5900268554688,0.7939595997722045,0.11543930732175096,-0.0007099986076354939,1208176.0461611324,4484.95295282161,2.269241643840896,1510966.387690092,-173390.34616703587,4557837.312378217,-24794.07763380305,-3879552.9921870297,5008.39939798278,4297.414676087629,-24763.368025996846,-3868379.277531878,0.0,0.0,-2314529.6476976955,3825496.035387787
2025-12-22,684.8300170898438,0.7874873474552767,0.1144982615500365,-0.0006499981880188008,1228861.8459633004,4485.747001822464,0.9242243130075494,1404490.6680554445,-166767.64855093346,4555739.237938657,-24475.705523641587,-2712759.1048520124,4967.471466476303,4329.299139988657,-24444.72695118138,-2704254.9741632342,0.0,0.0,-2322559.849474241,3727050.5175296855
2025-12-23,687.9600219726562,0.7731756978100344,0.1124173912864206,-0.00046000003814697377,1244979.5978841605,4481.787480344117,-0.07223748591017198,1324224.657227905,-161257.35952693003,4556109.049052767,-24210.061023458,-1829913.669276096,4930.8944034301685,4347.243549697392,-24178.97503002384,-1823443.6759067895,0.0,0.0,-2328540.663067391,3652765.3202952966
2025-12-24,690.3800048828125,0.7554809792449286,0.10984463310704322,-0.0003799986839294403,1256701.3182048188,4485.167786374792,-0.8253604898399445,1264279.1534403432,-156914.24717284052,4560668.558685385,-24060.017103253293,-1177919.64142384,4910.0741524060895,4367.339894325294,-24029.000563937865,-1172894.7980303774,0.0,0.0,-2332388.249912186,3596667.4033525293
2025-12-26,690.3099975585938,0.73247100599441,0.10649905308723616,-0.0004999995231628404,1254064.3813360552,4526.039299510299,-0.8940742534986015,1267713.9593990599,-157323.04961567844,4583010.251068391,-24435.891089311648,-1238493.2178198956,4954.656981033287,4411.468889518815,-24404.78543979199,-1233050.1701597786,0.0,0.0,-2331815.4839611812,3599529.443360241
2025-12-29,687.8499755859375,0.7165461984213191,0.10418363457476118,-0.0005499982833862271,1239146.501482125,4592.11725219975,-0.27082661167532507,1328763.7030235385,-162724.80306894163,4611713.966842249,-25194.145841188878,-1956657.9771205299,5050.21144444065,4467.636436939361,-25163.07799984957,-1949160.7801976353,0.0,0.0,-2324969.709466976,3653733.412490514
2025-12-30,687.010009765625,0.6954854352040388,0.10112146375628656,-0.000529999732971187,1233565.7478776083,4631.148889975804,-0.10284468652020706,1349732.901273266,-164418.51655781898,4633813.068153341,-25627.29009326527,-2206859.4530449556,5099.9165611382305,4504.357414463837,-25596.16443548982,-2198511.6721800594,0.0,0.0,-2323730.9726505363,3673463.8739238027
2025-12-31,681.9199829101562,0.7030158616270249,0.10221636481971136,-0.00046000003814697377,1206501.799035387,4675.923212158196,1.588421747941446,1481138.4513356467,-174819.3178683644,4646703.698207598,-26376.40536362635,-3710068.0321555063,5202.5619230241045,4516.377737799644,-26346.225278646074,-3698091.7908463953,0.0,0.0,-2307925.623610762,3789064.0749464086
2026-01-02,683.1699829101562,0.6833566055624354,0.09935796887209856,-0.000599999427795414,1210656.4988923753,4706.458087343984,1.1273910223607864,1452646.1641179156,-172847.1150888098,4663408.477452728,-26568.868133162658,-3413963.201512615,5223.021859796375,4558.2075760839725,-26538.638507040843,-3402399.8334674677,0.0,0.0,-2311189.19858352,3763835.3627014356
2026-01-05,687.719970703125,0.685910230049209,0.0997292580938645,-0.000779998302459714,1232895.6714034681,4690.559981287851,-0.3739382385160468,1336855.408478864,-164785.97391673498,4650239.982803455,-26015.027334008082,-2140434.1300566904,5158.819277592378,4574.674921443904,-25984.64719806121,-2131818.1668646345,0.0,0.0,-2319038.1347458074,3655893.5432246714
2026-01-06,691.8099975585938,0.6836606697835091,0.09940217888363084,-0.0007299995422363273,1254356.235726873,4659.4320940634825,-1.6634733511499569,1231596.6934170863,-156920.76080568996,4634139.920961786,-25372.044970539653,-980608.7635945464,5082.242262962788,4569.998731469484,-25341.76937031404,-974791.2856853232,0.0,0.0,-2324765.03455585,3556361.7279729364
2026-01-07,689.5800170898438,0.668433844680167,0.0971882448961287,-0.000779998302459714,1241294.8554388296,4709.584148692397,-1.0656725124618234,1288510.9947518064,-161429.14919775887,4659616.895618882,-26019.277397638758,-1627666.3048930122,5158.694247560278,4609.152152251549,-25988.96520788395,-1620023.0337683745,0.0,0.0,-2321844.609528194,3610355.6042800006
2026-01-08,689.510009765625,0.6480763448307569,0.09422832642912761,-0.0008599996566772475,1239303.7473649625,4742.75216012724,-1.1321912159354497,1291695.917093906,-161532.1257165635,4679043.697394332,-26341.34953229069,-1678461.8191675795,5194.501484942693,4644.422819942875,-26311.057531155813,-1670406.73465084,0.0,0.0,-2322875.3129245075,3614571.2300184136
2026-01-09,694.0700073242188,0.6525938718520622,0.09488516109715908,-0.0007999992370605474,1263628.838011756,4695.174368460486,-2.522358325238514,1174294.7957480652,-152647.74802084314,4652463.081718514,-25475.70808691567,-389699.75312795583,5095.542000588282,4625.003821541039,-25445.756350804284,-384854.520123085,0.0,0.0,-2326985.415315952,3501280.2110640174
2026-01-12,695.1599731445312,0.634103394381114,0.0921967019968382,-0.000599999427795414,1268665.4955227543,4729.371694350873,-3.0607435940644017,1140047.0167518281,-150896.5282114569,4664516.2836029045,-25623.21942887595,-58261.13852151483,5117.355287336987,4672.024780222522,-25593.647848846886,-53859.01771294419,0.0,0.0,-2325530.7662943285,3465577.7830461566
2026-01-13,693.77001953125,0.6171118198974607,0.08972617882505259,-0.0003299999237060536,1261800.0694440776,4773.913566629998,-2.845025757640631,1167229.2896364746,-153806.35542720853,4686516.686206897,-26135.51150133716,-372773.24329125043,5175.674680587606,4713.0329158395325,-26105.812754099203,-367328.796027882,0.0,0.0,-2324248.923242417,3491478.2128788917
2026-01-14,690.3599853515625,0.6126516561956878,0.08907768460894637,-0.0003299999237060536,1242804.9346459168,4830.411354869151,-1.8302915200416585,1255059.6996968668,-161147.02204716974,4711259.054020125,-26946.358284808353,-1363101.3847364662,5272.371686679335,4750.797708032948,-26916.729363873805,-1355042.4208165985,0.0,0.0,-2319541.22296922,3574600.922666087
2026-01-15,692.239990234375,0.5984239084589801,0.0870090134272573,-0.0002799987792968736,1252392.9579332052,4833.930860455521,-2.5515630477875852,1203532.9138512257,-157217.5391155585,4714232.90026735,-26797.261005606582,-805456.5985403871,5253.942482988001,4768.768417461681,-26767.69474259404,-798539.3136180481,0.0,0.0,-2322490.5560260145,3526023.4698772402
2026-01-16,691.6599731445312,0.5806264263390221,0.08442131374003307,-0.00036000013351440013,1247789.4155181572,4872.474500701537,-2.4764146001632383,1219402.7593764835,-158377.23313864466,4735031.714725865,-27208.880092774132,-998627.1222535959,5300.62949416807,4806.386771820804,-27179.434620608357,-990897.0066740392,0.0,0.0,-2323158.411515059,3542561.1708915425
2026-01-20,677.5800170898438,0.7870413905812162,0.11443342077898003,-0.00020999908447265347,1176654.0492068012,4803.585331552129,3.449377958991189,1593730.3846111703,-192694.60468981467,4616778.166908504,-27217.33635483057,-5222804.0581835,5398.109936307287,4628.2814013723255,-27193.246324952008,-5207286.871161592,0.0,0.0,-2256577.576746621,3850307.9613577914
2026-01-21,685.4000244140625,0.8224629813391078,0.11958361217725612,-4.999876022338673e-05,1221703.4830319665,4710.981858126156,0.5589350324641096,1376412.2156962096,-177092.11970305635,4569146.267275868,-25752.978515374984,-2783212.985640944,5207.999185867098,4592.3530683125355,-25726.188456786367,-2773561.7137833247,0.0,0.0,-2278113.654015259,3654525.869711468
2026-01-22,688.97998046875,0.8094871822810237,0.1176969705198705,-4.999876022338673e-05,1239952.24174714,4700.612996686774,-0.6730058680487581,1285128.8356106607,-169689.27945624274,4567365.53816426,-25382.342694508898,-1790529.8633917263,5157.331890115616,4607.0860003753905,-25355.144470667325,-1783079.2587270243,0.0,0.0,-2285848.698067111,3570977.533677772
2026-01-23,689.22998046875,0.7848869111078143,0.11412016602632032,-0.00010999917984008678,1239600.7806081288,4735.420574822052,-0.85854164777367,1279782.8743231632,-169031.49379987974,4587837.575033297,-25690.17898366329,-1748440.4620279297,5191.040900426808,4646.422383496803,-25662.971537991354,-1740797.306385776,0.0,0.0,-2287659.615354303,3567442.489677466
2026-01-26,692.72998046875,0.7729392781127665,0.11238301658259732,-0.00017999887466430692,1256142.1422194983,4739.846813041454,-2.044423192490715,1191862.522425951,-162148.59254785278,4585783.645370986,-25381.598830182185,-830634.8778398857,5157.5397743197545,4676.507160704699,-25354.658258544092,-824923.4718444198,0.0,0.0,-2290701.5259970073,3482564.0484229582
2026-01-27,695.489990234375,0.7568999744325989,0.11005095068492068,-0.00023000001907348688,1269607.35175346,4734.398582842664,-2.954548233183381,1123635.039492576,-156129.62627071806,4585370.730353612,-25085.57409452558,-108131.128581875,5121.680073575131,4689.309895352064,-25058.815077950934,-103960.85957611166,0.0,0.0,-2293887.940300679,3417522.9797932548
2026-01-28,695.4199829101562,0.7338466900854106,0.10669907336358804,-0.00010999917984008678,1268777.319087747,4770.2859400850975,-3.1266960334317773,1120511.7743226634,-156067.72933880734,4604743.92676854,-25403.91385037495,-90291.63841518108,5157.556032786912,4729.037719817142,-25377.15494438226,-85858.6309316773,0.0,0.0,-2294784.395122361,3415296.1694450243
2026-01-29,694.0399780273438,0.7134712293783628,0.1037365434425971,-0.0001300001144409202,1260249.909555026,4821.291156694422,-2.8656854243269017,1153312.584000287,-158877.70050456078,4630805.482477913,-25985.85349362326,-461120.48014123365,5224.81016929754,4775.542478128895,-25959.085171445822,-455462.45598559454,0.0,0.0,-2295032.0692154136,3448344.6532157008
2026-01-30,691.969970703125,0.6963333096190178,0.10124474211350913,-0.00020999908447265347,1247584.7199652798,4878.1571108418375,-2.3212177058018924,1206804.7743553477,-163333.6573890886,4658461.547529615,-26687.16022264902,-1062454.8922663732,5307.296043807365,4822.6659377604665,-26660.582970529907,-1055018.9539123569,0.0,0.0,-2294045.240270395,3500850.0146257426
2026-02-02,695.4099731445312,0.6880231149078275,0.10003646511623632,-0.00014999866485595342,1265053.589422036,4874.798323252593,-3.5713422445221816,1114633.0378017905,-156137.29816963844,4649920.423333194,-26253.46177954719,-107332.28257180192,5263.338796155766,4845.1224393790635,-26227.302563294328,-101923.28202853724,0.0,0.0,-2294990.4185540583,3409623.456355849
2026-02-03,689.530029296875,0.7046577248812902,0.10245508673559198,-3.0000209808346556e-05,1233356.3256215756,4940.451799583221,-1.5805202545444104,1266177.7289943043,-170129.83591706713,4669359.51818414,-27335.268879601477,-1779168.709428519,5399.807323941374,4874.9252662542485,-27309.842207036887,-1769806.0753288036,0.0,0.0,-2284648.616094724,3550826.345089028
2026-02-04,686.1900024414062,0.6954230817647151,0.10111239775614407,2.000093460082647e-05,1213923.475673788,5001.379887565586,-0.4094060608086636,1356832.4345794148,-178012.229834696,4693569.901510976,-28162.503500463008,-2806147.091966979,5503.744366958617,4915.142352094141,-28138.297770761346,-2794148.1999268765,0.0,0.0,-2277487.1719465605,3634319.6065259753
2026-02-05,677.6199951171875,0.7533707837930622,0.10953781711622095,-0.00014999866485595342,1165371.6442320456,5017.062809630795,3.531175084627236,1603891.7672888394,-199070.18897157005,4669670.845565589,-28821.663037879178,-5571705.880625472,5632.427002124428,4859.52088667962,-28802.453806383495,-5554341.570801696,0.0,0.0,-2239476.230133659,3843367.997422499
2026-02-06,690.6199951171875,0.8898273404807425,0.12937818479746896,-3.0000209808346556e-05,1244155.9904225771,4742.006180951565,-1.0661147391790813,1239094.9385352866,-172099.05809990212,4518823.075112854,-25122.868846334517,-1492857.686544653,5186.64873897411,4670.716586487666,-25098.37534370516,-1486079.211368733,0.0,0.0,-2262822.4686823552,3501917.4072176414
2026-02-09,693.9500122070312,0.8722579389063511,0.1268236473268126,0.0,1261527.5994464168,4745.806498035501,-2.3006376113598463,1157460.2911891309,-166442.9736579882,4515663.726310522,-24813.330224484744,-671161.2995411549,5161.4363157207345,4692.915638676267,-24788.940487824842,-666028.4442321537,0.0,0.0,-2262499.4007003894,3419959.6918895203
2026-02-10,692.1199951171875,0.8486288371466869,0.12338804790770687,-3.0000209808346556e-05,1250755.8746383518,4802.213165322644,-1.9038195056779372,1202469.1046951604,-170690.37013666978,4543019.173110241,-25466.36490457365,-1174113.1277565854,5242.274341364225,4740.010165396399,-25442.086344744795,-1167475.3643981582,0.0,0.0,-2261076.0271954034,3463545.1318905633
2026-02-11,691.9600219726562,0.8227994090183905,0.11963252773702945,6.999969482422014e-05,1249521.7007748084,4841.666108154824,-2.058537839624627,1204000.755783304,-171203.91129596677,4563461.767739957,-25825.695828011572,-1214113.3021680163,5285.782136435841,4780.6608273767415,-25801.470152872942,-1207043.872167333,0.0,0.0,-2261414.0213046116,3465414.7770879157
2026-02-12,681.27001953125,0.8998635655768199,0.1308374213550328,5.0001144409179965e-05,1192768.5742021725,4866.441494284698,2.129697446007526,1483882.3615117804,-198026.03140692686,4539913.976052304,-26716.981173567783,-4267128.176757353,5444.596164283587,4725.659557102859,-26696.330912878617,-4253811.311601948,0.0,0.0,-2226725.623169503,3710607.9846812836
2026-02-13,681.75,0.8726533893725072,0.12688114462000766,0.0,1193819.8435594772,4904.539108146167,1.846238670514463,1475127.3770021033,-197229.6818822932,4561079.462185152,-27043.098852217576,-4199875.391887247,5482.037598598899,4767.984249522857,-27022.532135584803,-4186360.149521674,0.0,0.0,-2229249.709426023,3704377.0864281263
2026-02-17,682.8499755859375,0.8471666923955483,0.12317545651473927,0.0,1198259.0789360814,4961.425985568234,1.2056428631944769,1449675.0963598331,-197318.93340313964,4578826.217118034,-27387.664833141203,-4000582.765384877,5538.867725364944,4831.795336785902,-27367.585170922168,-3986986.4010608,0.0,0.0,-2228224.1193834995,3677899.2157433326
2026-02-18,686.2899780273438,0.832280129574693,0.12101099562663574,9.99999046325667e-05,1217682.983807164,4953.773077243512,-0.2860958234460398,1354733.5263769054,-189643.14074494294,4579299.935831577,-27047.507437391774,-2981912.1996786175,5488.456123834367,4850.298732716776,-27026.007440146746,-2970359.5605252823,0.0,0.0,-2237235.96624158,3591969.4926184854
2026-02-19,684.47998046875,0.8100103855934947,0.11777304268777103,2.000093460082647e-05,1205819.9071776718,5010.539469544732,0.3193684453992738,1407906.0550457556,-194245.2377263491,4604469.475216876,-27700.056162304805,-3595467.9149355683,5573.974797176263,4894.46832955434,-27679.77398588732,-3582172.2167439265,0.0,0.0,-2233539.184720123,3641445.2397658783
2026-02-20,689.4299926757812,0.8086323703186031,0.11757268346438243,2.000093460082647e-05,1233917.7376946905,4964.65548889548,-1.641271882576369,1273638.3477874286,-183010.6940161832,4585703.788579169,-26858.93325774561,-2143216.245062831,5465.08254944959,4883.002443347346,-26836.77101492582,-2133172.430453848,0.0,0.0,-2242777.4194305395,3516415.767217968
2026-02-23,682.3900146484375,0.8306615433080512,0.12077565811385142,-4.999876022338673e-05,1193424.889390301,5041.592665389637,1.1814070568778554,1469183.4571487163,-202802.833146143,4593399.906902685,-27960.17343264496,-4332497.134982133,5645.432520058521,4904.881826429476,-27942.121704331465,-4317607.337568363,0.0,0.0,-2218030.313378403,3687213.7705271193
2026-02-24,687.3499755859375,0.82831876586356,0.12043502540977091,-4.999876022338673e-05,1221906.3997301045,5000.28194858958,-0.9014195105848195,1332304.667820827,-191381.17548522505,4578223.936402364,-27182.693218712993,-2850496.506053731,5539.148691149001,4900.035206847055,-27162.14222696487,-2838794.93639497,0.0,0.0,-2229635.1410308955,3561939.8088517226
2026-02-25,693.1500244140625,0.8339339808424834,0.12125146056316613,-4.999876022338673e-05,1254769.4112439216,4928.7518121457215,-2.9937408458912103,1180191.0466719596,-178155.14520856622,4546221.498574218,-26018.967037333758,-1222756.1340793604,5394.005768941919,4865.420684579474,-25996.748262329093,-1214912.4949453343,0.0,0.0,-2235460.9204604113,3415651.967132371
2026-02-26,689.2999877929688,0.8221362137889264,0.11953610117082836,-4.999876022338673e-05,1232553.8301332847,5002.424765080798,-1.7594145654644393,1280800.7875176077,-187924.21471086878,4574550.193555238,-26979.031084239614,-2332044.925778972,5520.556033526671,4914.997431832642,-26958.126781210714,-2321326.3327497803,0.0,0.0,-2230356.2706679394,3511157.058185547
2026-02-27,685.989990234375,0.8074188967942498,0.11739624811031048,-0.00014999866485595342,1212193.6799665396,5071.159774655358,-0.5587478226991003,1374249.4699567417,-196447.94878453662,4600925.739790275,-27849.18959972214,-3378483.1379736597,5638.456896751471,4960.4741129947215,-27830.224490298555,-3365074.989653835,0.0,0.0,-2224070.8460440543,3598320.3160007955
2026-03-02,686.3800048828125,0.7829692306775791,0.11384134113322204,-3.0000209808346556e-05,1213607.4328762973,5127.331862781951,-1.0077266801675435,1363584.9135877043,-197216.69036266464,4619058.790077458,-28237.06528256032,-3337598.9115336323,5697.070904293343,5020.4188247600505,-28218.820556766063,-3323694.2071879283,0.0,0.0,-2222531.4005102357,3586116.31409794
2026-03-03,680.3300170898438,0.7951852967342622,0.11561751992643124,2.000093460082647e-05,1177996.5277506623,5187.572939373089,1.74307960288316,1537506.7774384534,-213774.09438118775,4627798.187957463,-29172.87037435152,-5261100.672071563,5847.423959626623,5031.058912561679,-29159.527090428724,-5243271.354659185,0.0,0.0,-2201168.7575693913,3738675.5350078447
2026-03-04,685.1300048828125,0.7935575205902594,0.11538084623347197,2.000093460082647e-05,1206531.1353883473,5147.478814853464,-0.511908068720242,1398505.624026408,-202228.15322598693,4614425.5928857215,-28421.64238248868,-3753613.49395149,5739.732748671122,5029.46868008891,-28404.666619676704,-3738808.6962107597,0.0,0.0,-2214710.2911999975,3613215.9152264055
2026-03-05,681.3099975585938,0.7837783099474804,0.11395897879452446,-4.999876022338673e-05,1182511.668330096,5214.190441695435,1.1801692186981754,1512933.4006547602,-212600.45143274096,4635204.394292815,-29285.225395092326,-5038158.491752824,5866.7611444285185,5064.993978920364,-29271.952781117256,-5020435.110520394,0.0,0.0,-2202965.847590483,3715899.248245243
2026-03-06,672.3800048828125,0.8378259228540765,0.12181733707638373,-0.00023000001907348688,1128968.8603159254,5219.019647175087,6.103372770139565,1780434.4167767828,-237367.23320990033,4598545.131576511,-29718.214636257082,-7944525.8463258045,6008.00920841227,4982.254930564799,-29714.79595954054,-7922535.747789974,0.0,0.0,-2152863.9294396825,3933298.3462164653
2026-03-09,678.27001953125,0.8451284001548772,0.12287909503179999,0.0,1165480.5699227492,5200.379559949847,2.8596833844569325,1596585.3499854929,-224704.3861019867,4589454.222847003,-29103.36044037068,-5974789.269968993,5900.292236182062,5023.207826346117,-29093.4850586863,-5956004.145566369,0.0,0.0,-2177722.556033237,3774307.90601873
2026-03-10,677.1799926757812,0.8205106030045896,0.1192997423145686,2.000093460082647e-05,1157017.6969429562,5256.648231488905,3.353549302876729,1633994.615838789,-227733.3508800972,4612509.23478646,-29679.086827931053,-6424603.270847345,5976.488447535812,5071.5334935277315,-29671.490877365228,-6404601.9231792465,0.0,0.0,-2174255.0259155976,3808249.6417543865
2026-03-11,676.3300170898438,0.796223338033189,0.11576844796931134,6.999969482422014e-05,1150102.5003464501,5311.2663797165405,3.7389222208856694,1664384.1949453843,-230209.9376950799,4634979.930053057,-30224.397677216293,-6799090.637811389,6047.472958349539,5120.177244497592,-30219.0337953485,-6778034.393248004,0.0,0.0,-2171621.4585527303,3836005.6534981146
2026-03-12,666.0599975585938,0.8737220821664569,0.12703652929689635,0.0001200008392334001,1089274.218534857,5258.036106080962,10.067561458585676,1969058.7577078599,-259155.44293937308,4557886.358092112,-29982.592536226715,-10035009.009049248,6148.849035321352,4957.808486061372,-29990.881721417885,-10010915.320880728,0.0,0.0,-2095789.2169690123,4064847.974676872
2026-03-13,662.2899780273438,0.8605993693707665,0.12512852682957762,9.99999046325667e-05,1062984.7172246382,5289.490524081482,12.791017870504785,2097757.175824064,-269296.8890571933,4554797.471055045,-30312.989727026772,-11432292.030662552,6245.070828504634,4943.715370662078,-30330.03616523663,-11407116.643498939,0.0,0.0,-2062061.9503345848,4159819.1261586486
2026-03-16,669.030029296875,0.8772237097586562,0.1275456552824732,0.0001200008392334001,1105895.033065013,5292.514368032098,8.278446270434099,1878373.9077369994,-255038.33104829479,4562347.716110833,-30037.466058406048,-9112610.640257232,6142.762021204945,5027.604202318884,-30042.809489420557,-9089411.553563517,0.0,0.0,-2111473.774064484,3989847.681801483
2026-03-17,670.7899780273438,0.8533970547100624,0.12408133221692538,0.0001200008392334001,1114973.50522049,5333.4321385742205,7.1941843835333295,1830379.9929308114,-250770.27696263057,4585764.335411814,-30344.570772234998,-8638851.103662547,6160.23551090322,5088.410931906441,-30348.60213373758,-8615840.02791483,0.0,0.0,-2124333.9668975454,3954713.9598283567
2026-03-18,661.4299926757812,0.9087436932397918,0.13212856486741845,0.00016999959945678683,1057730.6367192843,5274.060800224902,13.50137019676336,2112747.312497277,-276904.24890432594,4509399.170860704,-29873.98364541772,-11581082.108247645,6244.660125730152,4920.868321468901,-29893.357457471928,-11556430.129084643,0.0,0.0,-2042518.5083273107,4155265.8208245877
2026-03-19,659.7999877929688,0.8835273263573316,0.12846218193443604,0.00019000053405762024,1044242.4756328652,5319.981444504887,14.92922758458441,2177915.951727663,-281645.17613861244,4521614.134921404,-30293.599439662255,-12303064.832051404,6324.262394629663,4944.961683607838,-30318.915300908935,-12278026.075742459,0.0,0.0,-1130831.5617207251,3308747.5134483883
2026-03-20,648.5700073242188,0.9718839566426742,0.14130896683426022,0.0002500009536743203,977206.1504834907,5101.629405782033,23.485141684809804,2494766.4347862527,-309286.18353713176,4353940.059748098,-27820.005692003353,-15324130.43233987,6258.903337030108,4573.463281853284,-27866.304387204735,-15301369.610576913,0.0,3273901.0918309195,-4102857.3169086054,3323722.659863939
2026-03-23,655.3800048828125,0.9828114877129098,0.14289779656545415,0.00019000053405762024,1020220.2031166765,5191.514196417841,18.062193114958504,2281125.928068485,-297744.7851285222,4408262.757334773,-28729.123666021536,-13239980.822054632,6252.904176249342,4763.047024182139,-28760.547282580184,-13216091.580283664,0.0,3164965.728437631,-4189741.534336836,3305901.7339676903
2026-03-24,653.1799926757812,0.9571049551311287,0.13916014503288718,0.0002699995040893535,1002798.933086815,5223.084051241996,20.18107065825518,2364962.9821868143,-303785.35986575135,4410009.78375982,-28949.26517295902,-14119132.99391159,6327.277120705721,4761.897734004606,-28988.58776964355,-14095497.23441049,0.0,3175692.1489245575,-4115861.9921714705,3305132.8254337274
2026-03-25,656.8200073242188,0.9397741455248695,0.1366402981076208,0.0002699995040893535,1024624.2312270742,5290.822429837245,17.41315206896595,2258233.3247297457,-296051.7177110749,4453481.75936221,-29630.11558901376,-13094942.921787832,6344.571935787868,4879.982671295251,-29662.865391129777,-13070747.293634422,0.0,3113751.551726557,-4150912.555292228,3295394.3282954167
2026-03-26,645.0900268554688,1.0307452456243225,0.14986721895446434,0.0002699995040893535,954451.3733595824,5025.864295858894,26.6345632303372,2578811.4958993774,-323955.39116108674,4263463.753090049,-26569.04740480968,-16012766.818641212,6233.234318840599,4448.661042306267,-26624.11926993206,-15992089.16643547,0.0,3263279.263892578,-3989312.995603445,3304845.2276102444
2026-03-27,634.0900268554688,1.100115898222917,0.15995350053193655,0.00014000177383422657,888742.5958034435,4678.005841150751,35.89272163007747,2848804.92252536,-342831.2187760435,4041488.2279579258,-22289.152519323543,-18076912.992835052,5996.695736691679,3923.495005240684,-22367.272114171526,-18062986.134769052,0.0,3352763.3940684125,-3795716.9176363093,3291758.4460932566
2026-03-30,631.969970703125,1.0703559180346167,0.15562649006461288,5.0001144409179965e-05,867295.285226074,4665.643177879378,39.48272381050402,2935870.9963661553,-349009.99084210047,4011220.7680014367,-21692.812428242403,-18777455.971031144,6027.2259080748645,3860.846986149234,-21782.62905558882,-18766859.721100923,0.0,3335323.83227162,-3676796.315941181,3277343.480035716
2026-03-31,650.3400268554688,1.290013514746897,0.1875640355262477,6.999969482422014e-05,1008257.7832706189,4802.575189075952,19.87967680075564,2289507.98305172,-322215.0615622847,4134649.2829085793,-24401.863522887652,-12878337.606524467,5876.795444614848,4329.84160663615,-24430.167541700626,-12857513.051084464,0.0,3203679.779853267,-4201622.701476928,3287450.9046753813
2026-04-01,655.239990234375,1.2667220753712338,0.18417753118922028,0.0001200008392334001,1036105.7433026597,4888.732489052079,16.765198963121257,2164163.3419081066,-312445.43995521264,4189872.7783952774,-25263.4160938181,-11722415.64118366,5903.594967449798,4478.133787110762,-25284.368566401034,-11701461.409142625,0.0,3140718.0232487665,-4255670.860975377,3279116.179634717
2026-04-02,655.8300170898438,1.2283684897624574,0.17860103667079275,0.00014000177383422657,1035725.9972538291,4955.020798998612,16.74548882396556,2166168.663336019,-311738.9461177605,4220780.208171683,-25854.58522901368,-11808406.607113112,5973.228030632301,4549.793414696129,-25876.912277412317,-11787130.72141784,0.0,3116344.8726315936,-4224554.122430671,3274377.9131350964
2026-04-06,658.9299926757812,1.197606166352514,0.17412828855228593,0.000299999713897707,1050124.8007157308,5061.130798101119,15.108665269425092,2092167.835550441,-308669.286248173,4261710.00417738,-26682.444746370158,-11164289.698259324,6048.157059750842,4694.918484434667,-26702.860760307187,-11143073.656470025,0.0,3032281.2227709237,-4194388.903523356,3254275.516302873
2026-04-07,659.219970703125,1.1611818766656228,0.16883230778406055,0.0002200007438659668,1047694.6747805031,5125.730899805832,15.246004963198832,2102268.411535367,-308347.3295922104,4289779.646703043,-27250.97245628191,-11325994.899214039,6119.339548430211,4761.040233242022,-27273.53042387047,-11304417.310292132,0.0,3009394.492126026,-4157179.7246600236,3250053.6440693643
2026-04-08,676.010009765625,1.3114339548577862,0.1906785022694391,6.999969482422014e-05,1159924.0348066313,4911.913008317684,5.123551777745224,1584982.783298859,-267939.3513961649,4226574.528933721,-24806.90877877245,-5917377.866433356,5627.263950972214,4720.165705721559,-24802.15514191745,-5903107.896471143,0.0,2842789.196331571,-4464514.188085785,3206707.7750530737
2026-04-09,679.9099731445312,1.2807557147772377,0.1862179796108996,-4.999876022338673e-05,1179913.7033230793,4937.833880052074,3.3431936072894466,1491632.7121237726,-256864.69250660483,4247470.30092855,-24847.99917028318,-5001643.189516187,5602.063124511328,4778.9288546083535,-24840.819787073713,-4988697.54097791,0.0,2773678.9597832705,-4470703.969043978,3188657.721384479
2026-04-10,679.4600219726562,1.2418649405077948,0.18056337949754475,0.0,1174958.0915380842,5004.018034875571,3.4548640788893827,1508811.8606797336,-257589.0534964155,4275730.477185184,-25438.63420781664,-5226594.293886535,5678.682399290583,4844.566570379914,-25432.59140746107,-5212854.432159899,0.0,2752569.266303484,-4428114.798373446,3184357.392749695
2026-04-13,686.0999755859375,1.2318022701331734,0.17910029787703574,9.99999046325667e-05,1212034.2662002286,4992.172470834414,0.5190203174125223,1336564.7858065173,-240425.3513999997,4272340.391550733,-24840.448691002573,-3520466.5955112088,5571.900907840175,4886.168624833368,-24830.584833193738,-3509822.792508885,0.0,2629601.658923302,-4438385.879297748,3145349.006180964
2026-04-14,694.4600219726562,1.2374195058504158,0.17991702683962718,0.00019000053405762024,1259462.2767462204,4897.735576972179,-2.5333429348792365,1132390.7874133685,-217205.01330779807,4241851.743819838,-23427.509566692825,-1471467.1534017045,5362.3121972599,4844.93385367142,-23414.067753482253,-1465193.6911154347,0.0,2514675.441852365,-4485648.235869428,3103363.581430431
2026-04-15,699.9400024414062,1.217998784713408,0.17709331314388208,0.00019000053405762024,1288494.947467517,4856.719220543379,-4.372496956869856,1007724.8399985279,-201077.66734479024,4231079.368067278,-22640.073970172125,-264990.6600004216,5250.696708514701,4835.661454440936,-22625.51860712602,-261204.8914948278,0.0,2424339.1408032435,-4487260.620789597,3070646.319984881
2026-04-16,701.6599731445312,1.18271635400875,0.17196335519344985,0.00016999959945678683,1296519.301803642,4884.109859139155,-5.1762877719408,967075.3283147202,-194619.7394307357,4246193.66246273,-22697.444014392502,100368.15473341616,5255.115976621258,4876.138448741189,-22682.695400901786,103674.38939702976,0.0,2371374.925055751,-4458750.274534145,3054450.6777931135
2026-04-17,710.1400146484375,1.1908435117625988,0.17314501917467523,6.999969482422014e-05,1340563.0007451703,4750.073497378452,-7.194936064071669,793803.663010244,-171775.95048309513,4193017.8954588375,-20857.48206644176,1734030.4564635293,5022.432977814872,4777.859553369191,-20842.60536771591,1733575.462311502,0.0,441524.0988163471,-2653945.033460192,3006224.597654089
2026-04-20,708.719970703125,1.1558059706520283,0.16805066742526364,5.0001144409179965e-05,1331699.210162112,4845.309073789284,-7.405000509135373,812609.0732216602,-174004.13833809522,4223865.02769743,-21602.882463553913,1489109.2880262139,5127.590170176743,4875.947322899658,-21588.11533002998,1489620.2884841848,0.0,418199.05382932676,-2603967.578505288,2998377.597897622
2026-04-21,704.0800170898438,1.1342805507274694,0.1649209369369443,5.0001144409179965e-05,1306238.3589635002,4960.881706321269,-6.525109421827107,905752.7708441021,-186174.07305162662,4265782.420469536,-22899.442321366532,570939.050112145,5295.962984303487,4975.768740604459,-22885.039301064404,573852.604320927,0.0,426458.3630534301,-2538546.2871230836,3017840.6949137556
2026-04-22,711.2100219726562,1.1322574640314704,0.16462678629388264,2.000093460082647e-05,1343726.0126142576,4850.482504979998,-8.326633970977422,756691.749549075,-165699.64837045717,4223033.332719636,-21321.91284691728,1962232.655655214,5100.344956131075,4896.212154140671,-21307.28815494509,1961941.8862724272,0.0,386630.821875521,-2603477.817756213,2973538.745429767
2026-04-23,708.4500122070312,1.1026784484380412,0.16032608752741592,2.000093460082647e-05,1328536.8924002254,4945.66138118753,-8.09043819079244,806442.1753414546,-171736.6557586143,4260127.385071657,-22282.8786786399,1465461.2617064803,5223.5204276143295,4985.742070587721,-22268.24300136741,1466678.9677246448,0.0,382002.4987628802,-2557278.599099606,2981718.2756781797
2026-04-24,713.9400024414062,1.0888367912494974,0.15831355273535713,0.0,1356986.925288871,4870.948203522952,-9.518042848021782,692705.9193592917,-155140.77979842707,4231860.65369886,-21116.422061244295,2497256.1543879104,5083.791777767532,4934.685467211067,-21101.87054713925,2496203.014475398,0.0,346614.53931932687,-2597609.2739670156,2943700.65400698
2026-04-27,715.1699829101562,1.0566696730520386,0.15363655173389945,-3.0000209808346556e-05,1362354.6387743894,4917.129162500202,-10.39979202910375,657584.1579328617,-149157.55225588265,4243045.833558459,-21185.53574685433,2737044.8158603716,5108.493274958979,4993.757451880115,-21171.121842056244,2735891.187329822,0.0,310805.82444432843,-2573008.7242630734,2919787.057751607
2026-04-28,711.6900024414062,1.0327512636978466,0.150158887871811,-3.0000209808346556e-05,1343588.9540515908,5026.132339142617,-10.063616354590447,720443.2340933252,-157504.82438551105,4283850.013075793,-22326.85494027331,2125023.1810293477,5252.638845600487,5095.02910335932,-22312.346616468545,2125701.505553593,0.0,309686.9981148816,-2522783.654285399,2933539.8902638424
2026-04-29,711.5800170898438,1.0012980308443618,0.14558568362479668,-3.0000209808346556e-05,1342570.555692498,5078.2300874441025,-10.538034199164962,715258.8754104031,-155543.297042979,4305471.979204122,-22680.720008871525,2132667.1862399853,5301.186088127678,5152.324043716613,-22666.150025859322,2133792.661572853,0.0,291153.25408908026,-2501521.1515348624,2925626.772856185
2026-04-30,718.6599731445312,1.0062540905034791,0.1463062796025491,-7.999897003174022e-05,1379588.452887544,4936.108808900455,-11.981713138281567,575242.3662374346,-134945.69442714326,4247633.01640963,-20775.30117111721,3385163.4110527574,5079.03376576822,5035.2690111878555,-20760.990454828527,3383131.592156928,0.0,258448.13098722557,-2561514.4369370053,2878308.6721872143
2026-05-01,720.6500244140625,0.9783985020337665,0.14225616189012902,-0.00017999887466430692,1389320.1589612146,4935.740962693031,-12.79454934979631,531181.7638349752,-126888.63804393553,4249111.870104957,-20483.183660311326,3737839.685867641,5053.043630911991,5045.965573374248,-20468.86765345384,3735300.1325507606,0.0,233624.56238934863,-2560015.285748677,2857572.4871943034
2026-05-04,718.010009765625,0.9536569768396129,0.13865881949220826,-3.0000209808346556e-05,1375824.7854079932,5056.433723867163,-13.078890903741296,565990.9641465847,-131639.72943210416,4284905.259541235,-21475.862130045076,3335850.815814466,5191.262433065122,5167.735737351775,-21461.26029495697,3334834.103476055,0.0,213703.69888442196,-2504557.9048130736,2856845.170075237
2026-05-05,723.77001953125,0.9489762150010277,0.13797825097897484,6.999969482422014e-05,1406061.4330304263,4941.225660601536,-14.19496968385403,455413.0214370636,-114289.18092236255,4237617.004527403,-19882.74102012141,4266486.667188473,5013.254029047297,5071.515247556589,-19868.690854442742,4263191.792673293,0.0,185189.962076043,-2542833.757723009,2813056.8170840302
2026-05-06,733.8300170898438,0.9913642537119053,0.14414134268907597,6.999969482422014e-05,1454766.5135180536,4684.2268364059355,-14.718462082506264,306672.3871756154,-90130.02972324396,4125495.566576748,-16922.22624780114,5413547.21507787,4672.759314051327,4831.215951016363,-16910.84486696947,5407315.4962613415,0.0,165160.96270851092,-2608498.964531653,2750010.388998758
2026-05-07,731.5800170898438,0.9646654238417333,0.14025941415341972,5.0001144409179965e-05,1444309.3522402656,4769.3194236055515,-15.064838973454602,328885.13403526694,-93097.39039382845,4159179.3641597866,-17660.40171819509,5225435.915892263,4769.193329012627,4917.917693293222,-17648.09256546916,5219824.738254004,0.0,154773.12464129366,-2581421.233744935,2755533.2431389084
2026-05-08,737.6199951171875,0.9607792001743725,0.13969436907003482,2.000093460082647e-05,1472945.0030354038,4645.779656735297,-15.657337693391977,240470.47904191702,-76787.1327371521,4106697.5475673405,-16074.55004801805,5835622.6856426485,4596.4329778236715,4806.136456990016,-16063.742553561784,5828850.5532455,0.0,130828.04969617608,-2600374.9394936254,2710017.3688393664
2026-05-11,739.2999877929688,0.9334948211605809,0.13572730347254108,6.999969482422014e-05,1482338.0998889576,4648.336487209913,-16.48948348069452,206627.5619856245,-71109.53896560794,4100262.393787167,-15706.810810771012,5988644.351660781,4580.4923186082615,4816.636048613394,-15695.62573217114,5981697.552729084,0.0,106314.04028009903,-2579237.7606675182,2679551.2823730437
2026-05-12,738.1799926757812,0.9059645594567363,0.13172448728089836,9.99999046325667e-05,1478190.9303774536,4703.362909097701,-17.002748298670863,210972.63207853585,-71807.18494316255,4122559.991855995,-16090.35373921813,5936827.361070413,4637.958714031748,4875.145542421531,-16078.236151820338,5930120.575813563,0.0,94984.19351052353,-2560569.1162222433,2676557.5547902556
2026-05-13,742.3099975585938,0.890948362231998,0.1295411779453504,6.999969482422014e-05,1497863.0285840875,4623.167369132763,-17.482365916168398,153289.22390852962,-60732.96158401016,4089636.4856934343,-15013.22534086838,6287399.610109074,4526.208326632413,4802.538897166726,-15001.899465326931,6280092.306467567,0.0,77337.36246560048,-2564359.895682806,2640311.7571257353
2026-05-14,748.1699829101562,0.889035692527527,0.12926308159651503,-4.999876022338673e-05,1523998.5517657388,4493.193113411521,-17.64972687007454,86983.87411552994,-47267.075687689125,4034707.332492912,-13496.403874324957,6641960.548523827,4360.1480061499415,4678.108014313242,-13486.666288224114,6634137.10097421,0.0,62679.98197240336,-2571353.802930459,2595657.6950735855
2026-05-15,739.1699829101562,0.9207153544014057,0.13386920793336782,-4.999876022338673e-05,1482628.4594486204,4688.843840609155,-17.165468954069382,202047.19114046753,-70827.05686467898,4102492.0321063995,-15771.465770851526,5905390.457266436,4617.993288100717,4862.379242835198,-15759.219971725535,5898584.301948849,0.0,87969.57336914609,-2547652.549094241,2661730.166865562
2026-05-18,738.6500244140625,0.89286500363277,0.1298198517667297,-0.00024999856948852706,1480833.6011470233,4746.5771343225115,-17.984920167965466,199283.36483366578,-69830.96415706433,4118063.088679406,-16008.190219157319,5833430.946265848,4673.453142288374,4926.418431047696,-15994.535822100252,5826848.688907661,0.0,67930.89939210075,-2516476.0110441484,2647828.4764857134
2026-05-19,733.72998046875,0.8839233077452653,0.1285197564220403,-0.00017999887466430692,1457921.2226745628,4885.577607484288,-18.053487705413826,263217.52659908286,-81945.52515500656,4167803.727741363,-17439.384806329996,5336874.890389539,4848.594413132916,5061.5998711953025,-17423.991107378795,5331534.682391243,0.0,70748.13304920704,-2482932.181858602,2675401.575408478
2026-05-20,741.25,0.8993370789365365,0.13076087180126972,-0.00036000013351440013,1492921.043711515,4691.49623694079,-18.20454683404838,167557.25578113133,-63833.718135733216,4087861.9004708603,-15263.862697495062,5983490.936396692,4599.864320319408,4875.187548724402,-15250.60139373501,5976483.389286331,0.0,58259.391212734394,-2514221.454685116,2623519.319253513
2026-05-21,742.719970703125,0.8735478921123644,0.1270112025936327,-0.00010999917984008678,1501842.4964002213,4678.957134391851,-18.806742217069704,137639.577306838,-58148.09491733118,4082620.523296485,-14879.444048588193,6148221.204246767,4570.525560759515,4869.084067613615,-14865.914187772129,6140978.619448136,0.0,42976.70522445091,-2505796.7500638547,2600459.622146242
2026-05-22,745.6400146484375,0.8534124069163068,0.12408356438094886,-7.999897003174022e-05,1516253.7966410264,4626.217797839018,-19.283351217001428,95927.59377362952,-49437.401291891525,4061746.924694959,-14102.604894294287,6374100.364186291,4494.125935422536,4822.38880312665,-14089.311754488745,6366470.485400621,0.0,28007.174132213928,-2502138.9164186525,2570059.336060068
2026-05-26,750.5900268554688,0.8461244852380826,0.12302392276871726,-0.00010999917984008678,1539790.4582948461,4530.891108187682,-19.844699904896547,38394.32482440607,-36726.10120632732,4010446.626611014,-12724.03177010451,6567047.771574009,4364.2685525693205,4734.6213658698825,-12711.090365099164,6558971.389083529,0.0,5912.418769244803,-2483064.721232963,2515546.6272881236
2026-05-27,750.4600219726562,0.820361204512779,0.119278020228943,-7.999897003174022e-05,1540597.3117981786,4555.809358302807,-20.435800228042034,29903.131027863594,-34564.92537683947,4020519.2134846956,-12750.762872528403,6587194.735894288,4383.796360079036,4764.306912861037,-12736.79101076969,6579049.9419743,0.0,-5629.264829141321,-2469165.6608951604,2504698.0567521653
2026-05-28,754.5999755859375,0.8088630325661373,0.11760622105255224,-3.0000209808346556e-05,1559622.6758675673,4462.260789015983,-20.563705826431708,-13667.895757130347,-24481.057755463407,3982434.116211877,-11646.18403106969,6763089.382423146,4265.586738226234,4673.838914916099,-11633.133628067708,6754745.340035407,0.0,-16149.289950428996,-2464326.0149639114,2466807.40915721
2026-05-29,756.47998046875,0.7870401635698328,0.11443324237526248,-4.999876022338673e-05,1568784.5364334525,4431.838011900332,-20.951978191278236,-37536.45724555338,-18498.757421428687,3970775.1159420377,-11139.912581910305,6838519.818145558,4221.336611262502,4647.27713285674,-11126.625328885313,6830068.768508494,0.0,-27265.666719818022,-2452818.8127218215,2442548.022196086
2026-06-01,758.5399780273438,0.7665217468664779,0.1114499270878676,0.0002699995040893535,1580786.5682496005,4401.551755246066,-21.577804037422457,-65349.771206158795,-11575.318891506759,3950201.7418675367,-10479.046029263425,6858208.178334735,4173.343941885142,4622.894338972596,-10464.975936989687,6849611.439690642,0.0,-43268.74212056084,-2427251.242930974,2405170.213845376
2026-06-02,759.5700073242188,0.7440559642921656,0.10818347073471846,0.0002500009536743203,1586348.1993654752,4390.49516948701,-22.017982969364294,-80853.20268855302,-7349.602325492073,3946351.8214838654,-10168.467504075517,6887687.788330652,4152.955511756816,4615.524035534186,-10153.70557844358,6878966.533777554,0.0,-52867.22121416591,-2414293.7806536825,2386307.799179295
2026-06-03,754.239990234375,0.7455660224653962,0.10840302859330887,0.000299999713897707,1564163.9399770591,4535.574756176632,-22.624609881501065,-38553.70224684605,-17528.50838595198,3997530.9052394163,-11509.623944496057,6700748.025053259,4319.858715284369,4763.541630094767,-11492.187760589099,6691935.72749629,0.0,-53456.39473418053,-2405853.169303109,2420755.861790444
2026-06-04,757.0900268554688,0.7298564255067544,0.10611890104862046,0.0002699995040893535,1577354.8202101626,4472.182975650919,-22.818774359298132,-67724.38691213785,-9934.60537093255,3972719.5800729906,-10715.551691773215,6787409.221225148,4239.491678248607,4702.6184633197745,-10698.34642796998,6778426.508313924,0.0,-61824.1517934202,-2396523.76124426,2390623.526125542
2026-06-05,737.5499877929688,0.9948622355758425,0.14464993859686878,0.0003200006484985335,1479788.0411380115,4824.604934689823,-18.834076049859366,218850.8144388399,-80065.90842549206,4046004.3279467653,-15717.281025862967,5105510.141493851,4756.958073541915,5015.746021932554,-15701.380534979362,5099486.382673918,0.0,32645.446549652377,-2410640.265774329,2596845.633663517
2026-06-08,739.219970703125,0.9664493204654884,0.14051878728857545,0.000350000858306887,1488556.581824354,4838.554606393612,-19.8969842978731,180281.89288185863,-68726.76675573847,4042246.0426404816,-15329.039323281891,5266531.761979679,4741.10431256893,5046.606528565421,-15312.15355835185,5260209.035294663,0.0,2927.07858851552,-2387890.6964881103,2565245.510781454
2026-06-09,737.0499877929688,0.9403000451207743,0.13671676230691943,0.0004200005531311071,1479098.954469975,4930.425457135471,-20.525460961534147,197514.64981340407,-70848.82314172329,4074011.1699286187,-16020.625504961785,5093733.478771582,4841.460817877373,5144.463244660578,-16002.139844979047,5087961.184055183,0.0,-8895.568564158399,-2362742.1059490684,2569152.3243266307
2026-06-10,725.4299926757812,1.0058470815792222,0.1462471017447545,0.0004200005531311071,1418058.0765452902,5203.193526149434,-18.59592720821955,388413.6309531962,-112864.7193673827,4144322.1087048,-19240.527939881817,3576923.7977220328,5231.370082213707,5396.049046080667,-19222.584978982195,3575102.0115282275,0.0,25778.995172217255,-2296738.0050016763,2659372.640782655
2026-06-11,737.760009765625,1.0743319140797931,0.15620458777827598,0.000299999713897707,1477884.1227869587,4825.028788867502,-18.422353488506968,221107.9496516867,-80371.31857131317,4001917.6921408447,-15399.58279549702,4900209.494393977,4746.106839389477,5028.743584660889,-15384.769796789566,4894332.040222496,0.0,21012.272081686882,-2387358.0246671997,2587453.7022371995
2026-06-12,741.75,1.0515440063076489,0.15289129540258958,0.0002500009536743203,1497182.1564490588,4753.5098659490295,-19.08925061821937,162941.40149584832,-64817.718766598846,3977840.398961979,-14401.376798197849,5261499.500258395,4636.516121400925,4966.986918607656,-14386.667923516034,5254896.534912303,0.0,1877.1697984701023,-2390234.9806073033,2551299.2123046815
2026-06-15,754.8300170898438,1.1215813301775042,0.1630745089521517,0.0002500009536743203,1552898.0617470574,4421.971826615033,-18.2619553021354,42449.6871234111,-33237.84194279136,3839118.574398172,-11076.680610089881,5829880.966085596,4225.525175598306,4640.912544321864,-11066.259601646047,5822539.283832837,0.0,-11489.799990788219,-2413997.267289441,2467936.75440364
2026-06-16,750.3300170898438,1.0991086955344154,0.15980705632907458,0.00037000179290771346,1534745.3287157954,4551.308274229035,-18.9191530995109,71925.88905868353,-39913.646406016196,3881868.082721993,-12097.49346732782,5667883.818572789,4370.061959594071,4776.998490450128,-12085.315102721504,5660592.293924655,0.0,-19333.467711280915,-2395363.5006643645,2486622.857434329
2026-06-17,740.9600219726562,1.1173641082669292,0.16246133773245922,0.0005400013923645003,1492082.9134205407,4781.81512759125,-18.80970892112343,172020.97824068926,-65985.36172004056,3949147.996900458,-14367.99809254788,5029364.013008149,4659.4010043999015,5006.641517171736,-14353.913169562855,5023091.326281704,0.0,-9438.168570655864,181459.1468113456,0.0
2026-06-18,746.739990234375,1.1030760083459459,0.16038389152701563,0.000650000572204594,1519643.8196608615,4657.648003724582,-19.273079277640583,99644.94310139178,-45898.73577504617,3906128.991311964,-12900.734109530737,5447836.8887082245,4488.6338025585255,4890.6241443516665,-12887.40521242985,5440828.906905606,0.0,-27186.111088067177,126831.05418945942,0.0
2026-06-22,744.3900146484375,1.072788715086144,0.15598021134534718,0.0008700013160705608,1510782.9458174894,4785.6340355316515,-20.61344057610971,100783.79950836347,-40050.58851061686,3933096.620643191,-13451.611177044362,5293739.93355776,4608.1648554939575,5038.753746010818,-13435.934458170588,5286963.659010387,956869.5705923694,-2813754.6561831017,1957668.8850990958,0.0
2026-06-23,733.5800170898438,1.1112489538293286,0.1615722129046409,0.0009700012207031275,1457503.770896838,5059.888351156165,-19.815347169787117,241091.85991234542,-76409.4262947152,4005041.992693593,-16300.23134449804,4289759.160034237,4967.956788532655,5306.433411110531,-16283.648609214131,4285238.631862859,1061031.4122544045,-2991902.209227251,2171962.656885192,0.0
2026-06-24,733.239990234375,1.077467177492995,0.15666044552821073,0.0009700012207031275,1456767.9445884838,5114.310049754329,-20.687793729007875,234216.03336418804,-71083.7823716022,4023557.8234155453,-16511.76666314361,4272032.291548839,5015.793759967014,5369.573439339356,-16493.741621173405,4267705.334450394,1023462.3847913964,-2952424.7864421634,2163178.435014955,0.0
2026-06-25,734.2999877929688,1.045357328995732,0.15199177136671196,0.0008700013160705608,1462708.3278104726,5128.0731838104375,-21.63338531196335,209070.70403763,-61087.20962607232,4029811.960386614,-16306.233781140698,4389348.397665173,5011.251356101222,5392.993048985294,-16286.755488538172,4384809.7627353985,974594.8283295261,-2892682.3120963667,2127158.187804471,0.0
2026-06-26,728.989990234375,1.031929675819939,0.15003943149700702,0.000700001716613767,1434789.3129128676,5313.822633572204,-21.79508631888641,283889.95972396387,-75529.28665985196,4083206.8840382025,-17996.530272713113,3726259.90923666,5242.286557347614,5579.270745620481,-17975.839492911713,3723780.727583602,996345.5843991844,-2948078.604510787,2235622.979835566,0.0
2026-06-29,741.0,1.0917701122234806,0.15874004866976757,0.0008700013160705608,1493769.1559246744,4957.988479832358,-21.807741672334878,120066.90703185077,-33354.729771071405,3945871.46747222,-14166.691515578888,4866763.392368795,4775.127789053034,5238.50184077857,-14148.650316580888,4860738.341807017,890338.4669119014,-2766707.564655886,1996436.0047758357,0.0
2026-06-30,746.77001953125,1.0786454269762407,0.1568317594140018,0.0013900017738342277,1523723.8855489371,4815.944297895319,-22.260916243828493,44970.276457858854,-11308.411697898118,3898362.7192403013,-12530.104759497211,5291941.178099932,4585.057086413631,5103.388542761236,-12512.585071682895,5285008.298182855,820618.7260439213,-2651310.558402164,1875662.1088161012,0.0
2026-07-01,745.760009765625,1.046411728368537,0.1521450778237055,0.0010700011253356942,1519233.843051657,4880.135985841265,-23.171283645810874,46397.59860813408,-7172.721337947296,3920641.4266681885,-12824.836581074882,5226192.396695808,4647.626331162558,5175.697872333963,-12805.271936147548,5219284.668581294,789809.692592548,-2620948.823492903,1877536.729508489,0.0
2026-07-02,744.780029296875,1.0151430986572083,0.14759871431123997,0.0007500004768371607,1514808.9752370878,4944.301765348766,-24.101746593718786,48471.0884000489,-3135.549091310648,3942792.975675634,-13118.713383055148,5147143.983747354,4710.654450357271,5247.885978754726,-13096.904195929348,5140289.565535552,759191.7598251377,-2590596.0244507333,1879875.3530256446,0.0
2026-07-06,751.280029296875,1.0112812388206673,0.14703721165464145,0.0009700012207031275,1546587.3875135798,4805.565006956623,-24.937186405952165,-31958.51853409526,30778.726645415183,3879553.3322379664,-11108.507664156468,5410927.3282034565,4513.878685259277,5124.756867498367,-11086.243043415196,5403252.296764981,649664.1194891243,-2423036.3131637913,1741413.6751405718,0.0
2026-07-07,747.7100219726562,0.9887140925723652,0.14375601733205867,0.0013199996948242143,1532936.2955973065,4932.951611641686,-25.962932569667974,-9693.762149116956,26369.264653947204,3916492.9031356312,-11974.529485667188,5221293.428665773,4652.65147780029,5261.175854195896,-11949.348196409674,5213836.676354113,641104.0542428854,-2433047.799218365,1782249.9828263624,0.0
2026-07-08,745.4000244140625,0.9621589623822671,0.1398949822921607,0.001300001144409188,1523484.8869605248,5032.596646259225,-27.01179127993706,5065.536900861538,25866.026365519327,3947088.3991738386,-12579.742876507484,5049537.841033499,4759.275791138448,5369.208005368629,-12551.447787314093,5042280.030529296,621980.4875387087,-2423265.1932738577,1806350.2426360105,0.0
2026-07-09,751.7100219726562,0.9597017866625696,0.13953771642733448,0.000889999866485594,1551664.9560225306,4853.469761317488,-26.859493458687684,-55992.56759533682,48449.418837158475,3890503.174077566,-10770.896494925071,5354267.878646085,4541.355415076703,5190.200413668502,-10743.931134224735,5346110.203159636,565697.9635166968,-2313600.4620424937,1691909.9309304599,0.0
2026-07-10,754.9500122070312,0.9375477874513015,0.13631659242544678,0.0010199999809265142,1568361.8340863236,4773.694482853199,-27.28342217021832,-91469.57780157309,62308.46831588732,3866384.504435306,-9784.367305490021,5469530.002273472,4439.731537055835,5113.534502396782,-9756.748469209679,5460915.580868939,517150.9276534757,-2227017.982233857,1618397.476778808,0.0
2026-07-13,749.1699829101562,0.9319353827066167,0.13550056587154957,0.0013499999046325678,1545455.8370545441,4970.523017811065,-28.761961321423495,-42251.51638985064,50838.1282444254,3911911.04543093,-11169.549686631728,5073282.25698295,4662.926162955586,5320.9731547102865,-11136.74643098674,5064809.416054231,510988.33762100467,-2248105.170797669,1694865.3167868135,0.0
2026-07-14,751.8300170898438,0.9085033202641566,0.13209361536896266,0.0010700011253356942,1558604.7227747678,4901.711733509622,-29.21774571216745,-67108.49649230274,60942.41277603491,3894613.0318479664,-10369.88164346682,5166122.973470663,4579.487950798867,5252.617327505076,-10335.876713339936,5156946.168524132,469591.46226804826,-2168957.2895996226,1632257.3308392712,0.0
2026-07-15,754.8099975585938,0.8871570598128249,0.1289899341223118,0.0009500002861022941,1573553.0081541762,4818.507498635377,-29.513276498810246,-93104.25260808971,70918.54485062149,3872099.0332733747,-9474.057472387807,5262136.8916203445,4481.392832886436,5168.455650560306,-9439.415478817487,5252308.9660943225,429511.7424137872,-2086928.8480702913,1564312.8530484145,0.0
2026-07-16,750.719970703125,0.8723182308833198,0.1268324135966081,0.0010400009155273476,1556658.1663750922,4962.746514118224,-30.68822848289706,-60716.69425778696,62691.64611676149,3913758.0132106002,-10534.5094546243,5016687.35736665,4644.060822424475,5320.452296950373,-10495.398468853882,5006893.213829368,429259.6809235367,-2110252.035230166,1620275.660048842,0.0
2026-07-17,743.2899780273438,0.8865896283036331,0.12890743130933185,0.0011400008201599143,1521033.6525063482,5221.045741085542,-31.53567616394634,16659.8848028027,42849.72768891312,3978135.6970713455,-12732.247617628342,4423893.671371672,4947.201453793817,5587.167916623735,-12688.933426881398,4415766.621640256,-241509.44429671043,-1507490.6828576354,1765660.0119571486,0.0
2026-07-20,742.0900268554688,0.8606658688089585,0.12513819564532638,0.0011199998855590879,1518071.576406498,5300.226609863904,-33.24919483612317,31062.20078671188,46156.19306732656,3993676.775606707,-12938.93965049486,4118914.2512727287,5033.701615324254,5674.787026815106,-12888.87844142274,4110467.5961709525,-253502.03936651087,-1477375.717013366,1761939.9571665889,0.0
2026-07-21,748.280029296875,0.8635116698005724,0.12555196644089547,0.0013700008392334012,1550117.4575107556,5076.253242925745,-32.666559838729555,-34872.36388240452,65628.79730941704,3925499.687471604,-10886.256550847298,4608151.4293462075,4768.539672251427,5445.235639789611,-10839.768374331754,4597820.797577484,-247105.7663683088,-1417131.814975102,1629365.2174610063,0.0
2026-07-22,747.4099731445312,0.8377835894602709,0.1218111819298764,0.0015199995040893546,1548646.4695548632,5121.454166185831,-33.72746312943356,-29113.9720969724,65801.81742925796,3941200.651958848,-11052.160563750202,4491976.294355419,4817.814317271795,5494.589661913467,-11001.477923821596,4481192.348830324,-251735.57657741022,-1400981.1901638377,1623602.7946442757,0.0
2026-07-23,738.1799926757812,0.877613705497094,0.1276023594748737,0.002070000171661375,1502753.7106447655,5455.716413837396,-34.27912059320997,75262.49078906211,38920.636237732135,4011737.2977263844,-13886.818198062487,3584360.3937550485,5213.678412830507,5839.1948530475975,-13832.593987136072,3577198.430012104,-264744.1397448247,-1488688.887414223,1828695.5179481097,0.0
2026-07-24,738.9299926757812,0.8513113580680285,0.12377807827842677,0.002120001316070555,1508880.5640677721,5448.266638715132,-35.27556277035144,64575.14836723311,44752.394540589536,4013599.30284799,-13577.746298536656,3579977.0842320547,5199.934034020104,5834.748812372462,-13519.471896388844,3571973.771055215,-268384.28117210336,-1459702.226863874,1792661.6564032105,0.0
2026-07-27,739.0900268554688,0.8253973024567123,0.12001025352950255,0.0020399999618530285,1512535.6686716639,5479.56268265287,-37.08067419811324,67579.49225248909,53891.46904771059,4016418.2464629947,-13327.54195013305,3342994.063869575,5231.395346052822,5872.373531750782,-13261.406568384804,3333957.5402964856,-276422.1385455376,-1417329.9538296254,1761331.584627652,0.0
2026-07-28,740.8599853515625,0.8028049862230512,0.11672539956771903,0.0016700005531311013,1522066.7749944297,5427.749357986354,-37.77361465457701,51089.73467460554,62354.27420499717,4007776.862203682,-12724.737497914142,3431791.322550879,5169.580657440185,5820.230525756904,-12655.583259890649,3421258.7638793513,-275239.20709823025,-1381772.4156794515,1708101.3574522873,0.0
2026-07-29,729.4600219726562,0.8819385026943499,0.12823117181356386,0.000650000572204594,1451416.5279998747,5884.152597812708,-37.148777622393496,226669.57434528694,27630.44782560866,4087671.34098319,-16631.53233104339,1692745.1745009846,5730.301074461266,6282.482342593467,-16563.01018430674,1690830.4706828822,-298545.3162484932,-1513999.7573264833,2039214.6479202635,0.0
2026-07-30,741.6900024414062,0.963779182662826,0.14013055738559121,0.0008200001716613808,1515139.7083447396,5351.981672327768,-34.268488231394684,60846.294438773766,71490.76375823258,3923365.5589355333,-12217.907218561546,3436272.3724635206,5085.052033947465,5741.2870862158225,-12164.559168949501,3427890.0732636033,-275859.90320527856,-1440438.8138588846,1777145.011502937,0.0
2026-07-31,747.030029296875,0.9539119901886585,0.13869589765636178,0.000889999866485594,1543396.0520641287,5162.360891984769,-34.13224019631851,5344.184902566252,91819.83177612757,3874079.5595020647,-10504.885015347338,3859797.461130511,4859.70780052336,5546.0187104358565,-10453.084343438366,3849532.050986914,-269729.12687284517,-1382346.3757208206,1657419.6874962319,0.0
2026-08-03,757.6699829101562,0.9992015001556335,0.14528085444891037,0.0010700011253356942,1593319.548753912,4794.198562692124,-32.282886869315675,-72132.68563757453,132239.55706861563,3751830.155620138,-7362.492160186377,4313060.021402714,4437.495739287592,5161.097719031031,-7319.13222370217,4301873.520467376,-258087.92832629415,-1292707.045606642,1478662.2882953617,0.0
2026-08-04,771.3300170898438,1.0802109314692898,0.15705937899859848,0.0013700008392334012,1647842.217774563,4372.690932742709,-28.359609748753684,-133074.2361607328,166251.443053536,3615950.8310272777,-4479.388260877609,4521448.750671269,3978.0500376173095,4711.407289787932,-4448.635543274864,4512231.837393665,-240562.56749617288,-1225360.5994488515,1332848.9307842916,0.0
2026-08-05,769.7899780273438,1.0486663898534387,0.15247289873567227,0.0013199996948242143,1644280.9785134394,4417.8173207596055,-29.46478087340727,-126855.86614778975,167503.50071128644,3632543.383827544,-4602.502929013212,4482794.203998494,4026.3361026423645,4759.462808625744,-4568.7894703574875,4472817.16709839,-242729.8363305879,-1209867.9665131867,1325741.9366959848,0.0
2026-08-06,768.5599975585938,1.0176187964798336,0.14795867323341158,0.0013900017738342277,1642336.7323115172,4453.576806710417,-30.520131552448014,-121437.9814636705,168594.62279668858,3646688.6168060685,-4673.001100428808,4445968.85542694,4065.3555560720306,4797.1001619269255,-4636.407817980492,4435213.007334339,-243610.5221521636,-1192032.7932881706,1314205.3339766636,0.0
2026-08-07,773.260009765625,1.0,0.14539695389396606,0.0011700010299682609,1662294.0919556352,4314.083890660784,-29.928169043520416,-133831.70447784557,179198.3568963076,3613546.266574369,-3689.858336306009,4468939.492043499,3921.0677644305943,4644.337984298623,-3655.479961104452,4458369.162803101,-233986.14228784025,-1140045.5472014616,1240199.9850114563,0.0
