date,spot,vol_factor,0-3M,3M-6M,6M-1Y,1Y+,total_parallel,sum_buckets,interaction
2025-08-01,621.719970703125,0.7850694777832838,0.0,0.0,0.0,2570847.401021165,2570847.401021165,2570847.401021165,0.0
2025-08-04,631.1699829101562,0.8614623345014991,0.0,0.0,0.0,2342691.8314840877,2342691.8314840877,2342691.8314840877,0.0
2025-08-05,627.969970703125,0.8462082807478973,0.0,0.0,0.0,2423798.3402818325,2423798.3402818325,2423798.3402818325,0.0
2025-08-06,632.780029296875,0.8454276651613587,0.0,0.0,0.0,2321807.9689275357,2321807.9689275357,2321807.9689275357,0.0
2025-08-07,632.25,0.8199788332157136,0.0,0.0,0.0,2344118.808694638,2344118.808694638,2344118.808694638,0.0
2025-08-08,637.1799926757812,0.821689325091153,0.0,0.0,0.0,2233679.19883905,2233679.19883905,2233679.19883905,0.0
2025-08-11,635.9199829101562,0.7984142460291188,0.0,0.0,0.0,2274691.663714533,2274691.663714533,2274691.663714533,0.0
2025-08-12,642.6900024414062,0.824272111394724,0.0,0.0,0.0,2115107.9930878594,2115107.9930878594,2115107.9930878594,0.0
2025-08-13,644.8900146484375,0.804370124785995,0.0,0.0,0.0,2076964.366955799,2076964.366955799,2076964.366955799,0.0
2025-08-14,644.9500122070312,0.7798697390426854,0.0,0.0,0.0,2083593.9189136378,2083593.9189136378,2083593.9189136378,0.0
2025-08-15,643.4400024414062,0.7587059802251558,0.0,0.0,0.0,2127005.599255499,2127005.599255499,2127005.599255499,0.0
2025-08-18,643.2999877929688,0.7356157642184076,0.0,0.0,0.0,2140430.594073725,2140430.594073725,2140430.594073725,0.0
2025-08-19,639.8099975585938,0.7278928469850582,0.0,0.0,0.0,2232622.515775566,2232622.515775566,2232622.515775566,0.0
2025-08-20,638.1099853515625,0.7092962753610004,0.0,0.0,0.0,2281253.644890792,2281253.644890792,2281253.644890792,0.0
2025-08-21,635.5499877929688,0.6960408854587586,0.0,0.0,0.0,2347787.154628837,2347787.154628837,2347787.154628837,0.0
2025-08-22,645.3099975585938,0.7883666373240803,0.0,0.0,0.0,2095012.8707919968,2095012.8707919968,2095012.8707919968,0.0
2025-08-25,642.469970703125,0.7733983620750696,0.0,0.0,0.0,2171927.478906221,2171927.478906221,2171927.478906221,0.0
2025-08-26,645.1599731445312,0.7581176632666059,0.0,0.0,0.0,2115303.3435343066,2115303.3435343066,2115303.3435343066,0.0
2025-08-27,646.6300048828125,0.7375382717208273,0.0,0.0,0.0,2095111.2613074947,2095111.2613074947,2095111.2613074947,0.0
2025-08-28,648.9199829101562,0.7212927765160616,0.0,0.0,0.0,2042904.0319383377,2042904.0319383377,2042904.0319383377,0.0
2025-08-29,645.0499877929688,0.7173826185985926,0.0,0.0,0.0,2148165.6096926075,2148165.6096926075,2148165.6096926075,0.0
2025-09-02,640.27001953125,0.7234130978135502,0.0,0.0,0.0,2276244.554983871,2276244.554983871,2276244.554983871,0.0
2025-09-03,643.739990234375,0.7161150400028112,0.0,0.0,0.0,2198562.3534014565,2198562.3534014565,2198562.3534014565,0.0
2025-09-04,649.1199951171875,0.7291042001969505,0.0,0.0,0.0,2069380.4526467924,2069380.4526467924,2069380.4526467924,0.0
2025-09-05,647.239990234375,0.7111358513744706,0.0,0.0,0.0,2146213.5616746265,2146213.5616746265,2146213.5616746265,0.0
2025-09-08,648.8300170898438,0.6925872830570337,0.0,0.0,0.0,2113542.727544543,2113542.727544543,2113542.727544543,0.0
2025-09-09,650.3300170898438,0.6743221214347903,0.0,0.0,0.0,2079131.8241582369,2079131.8241582369,2079131.8241582369,0.0
2025-09-10,652.2100219726562,0.6583217941549199,0.0,0.0,0.0,2041515.2156811208,2041515.2156811208,2041515.2156811208,0.0
2025-09-11,657.6300048828125,0.6755513247897222,0.0,0.0,0.0,1904551.8970170757,1904551.8970170757,1904551.8970170757,0.0
2025-09-12,657.4099731445312,0.6550324493960918,0.0,0.0,0.0,1915888.1429696688,1915888.1429696688,1915888.1429696688,0.0
2025-09-15,660.9099731445312,0.6507598884430076,0.0,0.0,0.0,1841885.2875646087,1841885.2875646087,1841885.2875646087,0.0
2025-09-16,660.0,0.6320101677124974,0.0,0.0,0.0,1872159.3489882885,1872159.3489882885,1872159.3489882885,0.0
2025-09-17,659.1799926757812,0.6136579375389422,0.0,0.0,0.0,1903929.7163067036,1903929.7163067036,1903929.7163067036,0.0
2025-09-18,662.260009765625,0.6078846582092182,0.0,0.0,4479866.2874398865,-2654194.292376749,1825671.9950631144,1825671.9950631373,-2.2817403078079224e-08
2025-09-19,663.7000122070312,0.5922216674087932,0.0,0.0,4452890.136052156,-2658677.4689257494,1794212.6671264064,1794212.6671264064,0.0
2025-09-22,666.8400268554688,0.587891468012254,0.0,0.0,4397207.383298408,-2669007.616745215,1728199.766553205,1728199.7665531933,1.1641532182693481e-08
2025-09-23,663.2100219726562,0.5883785458998781,0.0,0.0,4434553.81035544,-2613228.6937240628,1821325.1166313654,1821325.116631377,-1.1641532182693481e-08
2025-09-24,661.0999755859375,0.5767848787907388,0.0,0.0,4448402.850144181,-2572850.4482896766,1875552.401854517,1875552.4018545048,1.210719347000122e-08
2025-09-25,658.0499877929688,0.5727246969932873,0.0,0.0,4473137.175870465,-2522345.7937192405,1950791.382151225,1950791.3821512247,4.656612873077393e-10
2025-09-26,661.8200073242188,0.5759116644881984,0.0,0.0,4425771.320370585,-2566284.846079198,1859486.4742913865,1859486.4742913865,0.0
2025-09-29,663.6799926757812,0.5633889157080844,0.0,0.0,4379230.217694468,-2562114.340521267,1817115.8771732007,1817115.8771732007,0.0
2025-09-30,666.1799926757812,0.5554035410611374,0.0,0.0,4341394.240666181,-2581282.9254209995,1760111.3152451697,1760111.3152451813,-1.1641532182693481e-08
2025-10-01,668.4500122070312,0.5461145198316332,0.0,0.0,4302965.548157587,-2598358.739559818,1704606.8085977808,1704606.8085977687,1.210719347000122e-08
2025-10-02,669.219970703125,0.5303719930093075,0.0,0.0,4280950.699487026,-2593575.201854855,1687375.497632171,1687375.497632171,0.0
2025-10-03,669.2100219726562,0.5142148791886406,0.0,0.0,4267855.693075061,-2579700.3164162394,1688155.3766588331,1688155.3766588215,1.1641532182693481e-08
2025-10-06,671.6099853515625,0.5076590638558668,0.0,0.0,4211880.887538753,-2581906.8617578247,1629974.0257809288,1629974.0257809288,0.0
2025-10-07,669.1199951171875,0.5021178507196845,0.0,0.0,4238266.239567857,-2537627.5766329956,1700638.662934862,1700638.6629348616,4.656612873077393e-10
2025-10-08,673.1099853515625,0.5121288445735737,0.0,0.0,4180505.0055236323,-2582780.4543060483,1597724.5512175607,1597724.551217584,-2.3283064365386963e-08
2025-10-09,671.1599731445312,0.5025529750071586,0.0,0.0,4195125.057282462,-2548105.803423724,1647019.2538587376,1647019.2538587376,0.0
2025-10-10,653.02001953125,0.8799749271209539,0.0,0.0,4481621.972316597,-2448381.457781594,2033240.5145349796,2033240.5145350029,-2.3283064365386963e-08
2025-10-13,663.0399780273438,0.9453771765789124,0.0,0.0,4374911.211068765,-2591000.218492816,1783910.992575949,1783910.992575949,0.0
2025-10-14,662.22998046875,0.917159983818568,0.0,0.0,4370816.156725562,-2561622.4308982375,1809193.7258273247,1809193.7258273247,0.0
2025-10-15,665.1699829101562,0.897076310261673,0.0,0.0,4328407.777107122,-2584442.7309151157,1743965.0461920071,1743965.0461920067,4.656612873077393e-10
2025-10-16,660.6400146484375,0.8887407166617659,0.0,0.0,1400555.79323438,454638.54515296407,1855194.3383873207,1855194.338387344,-2.3283064365386963e-08
2025-10-17,664.3900146484375,0.8748618056870576,0.0,0.0,1369786.0425382853,404864.6569523029,1774650.6994905998,1774650.6994905882,1.1641532182693481e-08
2025-10-20,671.2999877929688,0.8922044125526469,0.0,0.0,1317182.010955771,305165.0624236092,1622347.0733793802,1622347.0733793802,0.0
2025-10-21,671.2899780273438,0.8650243638045878,0.0,0.0,1309420.1539051603,320305.59759336757,1629725.7514985395,1629725.7514985278,1.1641532182693481e-08
2025-10-22,667.7999877929688,0.8501786704606641,0.0,0.0,1327632.066256029,386209.792576381,1713841.85883241,1713841.85883241,0.0
2025-10-23,671.760009765625,0.8393077705636524,0.0,0.0,1294369.9032516917,328533.81340742344,1622903.7166591035,1622903.7166591152,-1.1641532182693481e-08
2025-10-24,677.25,0.8423502050100654,0.0,0.0,1255008.6153645534,248347.70467724884,1503356.3200418022,1503356.3200418022,0.0
2025-10-27,685.239990234375,0.8748528267492607,0.0,0.0,1201191.0465517314,138569.17740657227,1339760.2239583153,1339760.2239583037,1.1641532182693481e-08
2025-10-28,687.0599975585938,0.8511624562392941,0.0,0.0,1180274.7629149933,121241.29576304695,1301516.0586780403,1301516.0586780403,0.0
2025-10-29,687.3900146484375,0.8253325460427855,0.0,0.0,1167878.3939026296,124499.84075727407,1292378.2346599502,1292378.2346599037,4.6566128730773926e-08
2025-10-30,679.8300170898438,0.8530984016198916,0.0,0.0,1219744.3040825077,229883.73145232908,1449628.0355348368,1449628.0355348368,0.0
2025-10-31,682.0599975585938,0.8317335539729227,0.0,0.0,1198138.1510106847,212235.02233227482,1410373.1733429711,1410373.1733429595,1.1641532182693481e-08
2025-11-03,683.3400268554688,0.8079530850231935,0.0,0.0,1170266.2287783576,198919.3971077213,1369185.6258860556,1369185.625886079,-2.3283064365386963e-08
2025-11-04,675.239990234375,0.8457656278736765,0.0,0.0,1230659.4742871705,318784.90030401153,1549444.374591182,1549444.374591182,0.0
2025-11-05,677.5800170898438,0.825203083309836,0.0,0.0,1206491.8790546479,292095.67381582456,1498587.5528704608,1498587.5528704724,-1.1641532182693481e-08
2025-11-06,670.3099975585938,0.8504886689068519,0.0,0.0,1261175.1683611423,413704.8178157653,1674879.986176896,1674879.9861769076,-1.1641532182693481e-08
2025-11-07,670.969970703125,0.8249992539720951,0.0,0.0,1247953.3892193576,416851.43724570516,1664804.8264650628,1664804.8264650628,0.0
2025-11-10,681.4400024414062,0.9006998104739616,0.0,0.0,1180692.8689637687,230014.45642062463,1410707.3253843933,1410707.3253843933,0.0
2025-11-11,683.0,0.8753994926886519,0.0,0.0,1161047.8047518292,216596.09415597515,1377643.8989077928,1377643.8989078044,-1.1641532182693481e-08
2025-11-12,683.3800048828125,0.8488616451637765,0.0,0.0,1148933.42065271,222449.92381174816,1371383.344464458,1371383.344464458,0.0
2025-11-13,672.0399780273438,0.9368007474819118,0.0,0.0,1242006.0259771533,379087.30756122386,1621093.3335383772,1621093.3335383772,0.0
2025-11-14,671.9299926757812,0.9082725702603299,0.0,0.0,1233866.3077332661,395421.3929147576,1629287.700648047,1629287.7006480237,2.3283064365386963e-08
2025-11-17,665.6699829101562,0.9154909227714292,0.0,0.0,1270864.3601199263,516016.78742865333,1786881.1475485796,1786881.1475485796,0.0
2025-11-18,660.0800170898438,0.9158051859955278,0.0,0.0,1308836.598953826,619885.5835144874,1928722.1824683016,1928722.1824683133,-1.1641532182693481e-08
2025-11-19,662.6300048828125,0.8938736081767171,0.0,0.0,1282681.8017364712,587655.8743215632,1870337.6760579995,1870337.6760580344,-3.4924596548080444e-08
2025-11-20,652.530029296875,0.9590636420043887,0.0,0.0,1365635.891600547,746591.9523290126,2112227.843929571,2112227.8439295595,1.1641532182693481e-08
2025-11-21,659.030029296875,0.9668935062648153,0.0,0.0,1316875.4735435243,637056.1898305081,1953931.663374009,1953931.6633740324,-2.3283064365386963e-08
2025-11-24,668.72998046875,1.0156191027529595,0.0,0.0,1246804.3895769631,464543.69536244776,1711348.084939411,1711348.084939411,0.0
2025-11-25,675.02001953125,1.0160119077769647,0.0,0.0,1200728.3105762908,364409.3800683506,1565137.690644653,1565137.6906446414,1.1641532182693481e-08
2025-11-26,679.6799926757812,1.0020955287460267,0.0,0.0,1162721.5255602496,294831.021916552,1457552.5474768132,1457552.5474768016,1.1641532182693481e-08
2025-11-28,683.3900146484375,0.9824144056637825,0.0,0.0,1129509.2306188075,260152.92573340703,1389662.1563522145,1389662.1563522145,0.0
2025-12-01,680.27001953125,0.9603155029592764,0.0,0.0,1134392.6096667885,327843.6684614513,1462236.2781282165,1462236.2781282398,-2.3283064365386963e-08
2025-12-02,681.530029296875,0.9323747656895653,0.0,0.0,1116674.6993378038,323608.80272239447,1440283.5020601982,1440283.5020601982,0.0
2025-12-03,683.8900146484375,0.9086857749311932,0.0,0.0,1093020.952002355,303132.59004617576,1396153.5420485074,1396153.5420485307,-2.3283064365386963e-08
2025-12-04,684.3900146484375,0.8812203310337603,0.0,0.0,1079963.0848586443,311121.324406378,1391084.409265034,1391084.4092650223,1.1641532182693481e-08
2025-12-05,685.6900024414062,0.8558808170620311,0.0,0.0,1061305.196524039,303011.6443163948,1364316.8408404454,1364316.8408404337,1.1641532182693481e-08
2025-12-08,683.6300048828125,0.8336994897687395,0.0,0.0,1057437.026416557,352993.58081643004,1410430.607232987,1410430.607232987,0.0
2025-12-09,683.0399780273438,0.8086314255810207,0.0,0.0,1050348.835345963,372412.1727728052,1422761.0081187799,1422761.0081187682,1.1641532182693481e-08
2025-12-10,687.5700073242188,0.8036813731883852,0.0,0.0,1015613.5951571516,308879.64496127097,1324493.2401184458,1324493.2401184225,2.3283064365386963e-08
2025-12-11,689.1699829101562,0.7816734686598545,0.0,0.0,995498.4248181921,297260.11011305964,1292758.534931275,1292758.5349312518,2.3283064365386963e-08
2025-12-12,681.760009765625,0.811131632823251,0.0,0.0,1052635.6522434624,425988.2003647974,1478623.852608283,1478623.8526082598,2.3283064365386963e-08
2025-12-15,680.72998046875,0.7874601671148419,0.0,0.0,1041211.8786216946,462726.71346974093,1503938.5920914588,1503938.5920914356,2.3283064365386963e-08
2025-12-16,678.8699951171875,0.7669694593780783,0.0,0.0,1044907.1077067871,507156.4097038703,1552063.5174106807,1552063.5174106574,2.3283064365386963e-08
2025-12-17,671.4000244140625,0.800317304715181,0.0,0.0,1106530.1455180626,639562.7924530301,1746092.9379710695,1746092.9379710928,-2.3283064365386963e-08
2025-12-18,676.469970703125,0.8015953056858289,0.0,0.0,-2300791.38350751,3917695.8209488774,1616904.4374413788,1616904.4374413672,1.1641532182693481e-08
2025-12-19,680.5900268554688,0.7939595997722045,0.0,0.0,-2314817.4847254646,3826724.4183061295,1511906.933580665,1511906.933580665,0.0
2025-12-22,684.8300170898438,0.7874873474552767,0.0,0.0,-2322840.5450604972,3727980.2065256517,1405139.6614651661,1405139.6614651545,1.1641532182693481e-08
2025-12-23,687.9600219726562,0.7731756978100344,0.0,0.0,-2328808.5951148067,3653461.980597803,1324653.3854830079,1324653.3854829962,1.1641532182693481e-08
2025-12-24,690.3800048828125,0.7554809792449286,0.0,0.0,-2332644.721113774,3597192.5012453576,1264547.7801315486,1264547.7801315836,-3.4924596548080444e-08
2025-12-26,690.3099975585938,0.73247100599441,0.0,0.0,-2332088.407451252,3600095.144172525,1268006.7367212614,1268006.736721273,-1.1641532182693481e-08
2025-12-29,687.8499755859375,0.7165461984213191,0.0,0.0,-2325281.3243884826,3654529.9757352564,1329248.6513467855,1329248.6513467738,1.1641532182693481e-08
2025-12-30,687.010009765625,0.6954854352040388,0.0,0.0,-2324064.7084305296,3674353.7797743455,1350289.071343816,1350289.071343816,0.0
2025-12-31,681.9199829101562,0.7030158616270249,0.0,0.0,-2308292.879969417,3790371.0310348542,1482078.1510654488,1482078.1510654371,1.1641532182693481e-08
2026-01-02,683.1699829101562,0.6833566055624354,0.0,0.0,-2311568.412556045,3765088.8999715564,1453520.4874155228,1453520.4874155112,1.1641532182693481e-08
2026-01-05,687.719970703125,0.685910230049209,0.0,0.0,-2319385.1546953083,3656795.9746402223,1337410.8199449023,1337410.819944914,-1.1641532182693481e-08
2026-01-06,691.8099975585938,0.6836606697835091,0.0,0.0,-2325066.8925520265,3556926.714409818,1231859.8218577798,1231859.8218577914,-1.1641532182693481e-08
2026-01-07,689.5800170898438,0.668433844680167,0.0,0.0,-2322185.5208526133,3611131.1236812966,1288945.602828695,1288945.6028286833,1.1641532182693481e-08
2026-01-08,689.510009765625,0.6480763448307569,0.0,0.0,-2323231.99660636,3615384.6318856464,1292152.6352792745,1292152.6352792862,-1.1641532182693481e-08
2026-01-09,694.0700073242188,0.6525938718520622,0.0,0.0,-2327276.4827506617,3501701.306292857,1174424.8235421954,1174424.8235421954,0.0
2026-01-12,695.1599731445312,0.634103394381114,0.0,0.0,-2325815.6603052397,3465921.9045938924,1140106.2442886527,1140106.2442886527,0.0
2026-01-13,693.77001953125,0.6171118198974607,0.0,0.0,-2324564.4412056427,3491940.0214471854,1167375.5802415428,1167375.5802415428,0.0
2026-01-14,690.3599853515625,0.6126516561956878,0.0,0.0,-2319915.8234217437,3575378.1795294257,1255462.3561076587,1255462.356107682,-2.3283064365386963e-08
2026-01-15,692.239990234375,0.5984239084589801,0.0,0.0,-2322844.927185867,3526646.5633641114,1203801.6361782444,1203801.6361782444,0.0
2026-01-16,691.6599731445312,0.5806264263390221,0.0,0.0,-2323535.6071171,3543266.7459548335,1219731.1388377333,1219731.1388377333,0.0
2026-01-20,677.5800170898438,0.7870413905812162,0.0,0.0,-2256948.607911635,3852008.496401657,1595059.8884900333,1595059.8884900217,1.1641532182693481e-08
2026-01-21,685.4000244140625,0.8224629813391078,0.0,0.0,-2278428.7009452586,3655549.221173546,1377120.5202282988,1377120.5202282872,1.1641532182693481e-08
2026-01-22,688.97998046875,0.8094871822810237,0.0,0.0,-2286141.4582080673,3571735.1322036237,1285593.6739955563,1285593.6739955563,0.0
2026-01-23,689.22998046875,0.7848869111078143,0.0,0.0,-2287965.53790794,3568212.382498989,1280246.8445910607,1280246.844591049,1.1641532182693481e-08
2026-01-26,692.72998046875,0.7729392781127665,0.0,0.0,-2290976.6647338867,3483083.86512961,1192107.2003957233,1192107.2003957233,0.0
2026-01-27,695.489990234375,0.7568999744325989,0.0,0.0,-2294132.108302554,3417838.9736190205,1123706.8653164431,1123706.8653164664,-2.3283064365386963e-08
2026-01-28,695.4199829101562,0.7338466900854106,0.0,0.0,-2295039.7323584883,3415628.506445349,1120588.7740868493,1120588.774086861,-1.1641532182693481e-08
2026-01-29,694.0399780273438,0.7134712293783628,0.0,0.0,-2295320.634043601,3448812.984956207,1153492.3509126063,1153492.3509126063,0.0
2026-01-30,691.969970703125,0.6963333096190178,0.0,0.0,-2294378.0311789596,3501523.4670017846,1207145.435822825,1207145.435822825,0.0
2026-02-02,695.4099731445312,0.6880231149078275,0.0,0.0,-2295273.2196947327,3410019.26908812,1114746.0493933759,1114746.0493933875,-1.1641532182693481e-08
2026-02-03,689.530029296875,0.7046577248812902,0.0,0.0,-2285020.319791243,3551727.0560853533,1266706.736294087,1266706.7362941103,-2.3283064365386963e-08
2026-02-04,686.1900024414062,0.6954230817647151,0.0,0.0,-2277911.9014630676,3635538.271127362,1357626.3696643058,1357626.3696642942,1.1641532182693481e-08
2026-02-05,677.6199951171875,0.7533707837930622,0.0,0.0,-2239922.7403420955,3845272.723464493,1605349.983122386,1605349.9831223977,-1.1641532182693481e-08
2026-02-06,690.6199951171875,0.8898273404807425,0.0,0.0,-2263085.6677158736,3502579.82455492,1239494.1568390466,1239494.1568390466,0.0
2026-02-09,693.9500122070312,0.8722579389063511,0.0,0.0,-2262725.406690687,3420393.76432735,1157668.3576366515,1157668.3576366631,-1.1641532182693481e-08
2026-02-10,692.1199951171875,0.8486288371466869,0.0,0.0,-2261335.0824702415,3464147.1301920363,1202812.0477217832,1202812.0477217948,-1.1641532182693481e-08
2026-02-11,691.9600219726562,0.8227994090183905,0.0,0.0,-2261685.1027321303,3466050.168324029,1204365.065591922,1204365.0655918987,2.3283064365386963e-08
2026-02-12,681.27001953125,0.8998635655768199,0.0,0.0,-2227051.208240306,3712028.922208154,1484977.713967848,1484977.713967848,0.0
2026-02-13,681.75,0.8726533893725072,0.0,0.0,-2229590.5505462084,3705809.392627317,1476218.842081097,1476218.8420811086,-1.1641532182693481e-08
2026-02-17,682.8499755859375,0.8471666923955483,0.0,0.0,-2228573.115788796,3679310.791979416,1450737.6761905965,1450737.6761906198,-2.3283064365386963e-08
2026-02-18,686.2899780273438,0.832280129574693,0.0,0.0,-2237562.4450875446,3593115.676782327,1355553.2316947822,1355553.2316947822,0.0
2026-02-19,684.47998046875,0.8100103855934947,0.0,0.0,-2233897.6862480515,3642788.146816427,1408890.4605683638,1408890.4605683754,-1.1641532182693481e-08
2026-02-20,689.4299926757812,0.8086323703186031,0.0,0.0,-2243077.5441335514,3517343.761391414,1274266.2172578857,1274266.2172578624,2.3283064365386963e-08
2026-02-23,682.3900146484375,0.8306615433080512,0.0,0.0,-2218391.1604616325,3688742.1878767665,1470351.0274151224,1470351.027415134,-1.1641532182693481e-08
2026-02-24,687.3499755859375,0.82831876586356,0.0,0.0,-2229946.8555332045,3563058.401405113,1333111.5458719083,1333111.5458719083,0.0
2026-02-25,693.1500244140625,0.8339339808424834,0.0,0.0,-2235687.383996183,3416281.8717519054,1180594.487755734,1180594.4877557224,1.1641532182693481e-08
2026-02-26,689.2999877929688,0.8221362137889264,0.0,0.0,-2230643.5703349067,3512131.793037476,1281488.222702546,1281488.2227025693,-2.3283064365386963e-08
2026-02-27,685.989990234375,0.8074188967942498,0.0,0.0,-2224408.8912388426,3599615.4066961026,1375206.5154572716,1375206.51545726,1.1641532182693481e-08
2026-03-02,686.3800048828125,0.7829692306775791,0.0,0.0,-2222875.7212853525,3587429.98692994,1364554.265644576,1364554.2656445876,-1.1641532182693481e-08
2026-03-03,680.3300170898438,0.7951852967342622,0.0,0.0,-2201567.962124618,3740508.627002174,1538940.6648775563,1538940.6648775563,0.0
2026-03-04,685.1300048828125,0.7935575205902594,0.0,0.0,-2215061.8503808393,3614639.7977468558,1399577.947366028,1399577.9473660165,1.1641532182693481e-08
2026-03-05,681.3099975585938,0.7837783099474804,0.0,0.0,-2203365.224619012,3717692.103942146,1514326.8793231458,1514326.8793231342,1.1641532182693481e-08
2026-03-06,672.3800048828125,0.8378259228540765,0.0,0.0,-2153247.2762054764,3935726.2620212277,1782478.9858157863,1782478.9858157514,3.4924596548080444e-08
2026-03-09,678.27001953125,0.8451284001548772,0.0,0.0,-2178099.558102316,3776276.8105754047,1598177.2524731,1598177.2524730884,1.1641532182693481e-08
2026-03-10,677.1799926757812,0.8205106030045896,0.0,0.0,-2174657.512055675,3810365.436916193,1635707.9248605296,1635707.924860518,1.1641532182693481e-08
2026-03-11,676.3300170898438,0.796223338033189,0.0,0.0,-2172048.886250425,3838249.60190641,1666200.7156559965,1666200.7156559848,1.1641532182693481e-08
2026-03-12,666.0599975585938,0.8737220821664569,0.0,0.0,-2096100.0716388691,4067643.35032808,1971543.2786892168,1971543.2786892108,6.05359673500061e-09
2026-03-13,662.2899780273438,0.8605993693707665,0.0,0.0,-2062320.110430353,4162849.3250961937,2100529.214665841,2100529.2146658404,4.656612873077393e-10
2026-03-16,669.030029296875,0.8772237097586562,0.0,0.0,-2111821.222438116,3992487.268321519,1880666.0458834143,1880666.0458834027,1.1641532182693481e-08
2026-03-17,670.7899780273438,0.8533970547100624,0.0,0.0,-2124716.197645408,3957301.314970036,1832585.1173246163,1832585.117324628,-1.1641532182693481e-08
2026-03-18,661.4299926757812,0.9087436932397918,0.0,0.0,-2042727.988801786,4158249.525137519,2115521.536335745,2115521.536335733,1.210719347000122e-08
2026-03-19,659.7999877929688,0.8835273263573316,0.0,0.0,-1127679.8209246888,3308515.907970979,2180836.087046284,2180836.08704629,-5.587935447692871e-09
2026-03-20,648.5700073242188,0.9718839566426742,0.0,3273137.637202826,-4098640.4165550307,3323619.5647179848,2498116.785365774,2498116.78536578,-6.05359673500061e-09
2026-03-23,655.3800048828125,0.9828114877129098,0.0,3164013.3350142743,-4185596.425148117,3305734.907265415,2284151.817131572,2284151.8171315724,-4.656612873077393e-10
2026-03-24,653.1799926757812,0.9571049551311287,0.0,3174766.187606787,-4111612.4589315383,3304985.5946352123,2368139.323310484,2368139.323310461,2.3283064365386963e-08
2026-03-25,656.8200073242188,0.9397741455248695,0.0,3112695.6570339445,-4146647.630730062,3295206.162890047,2261254.1891939472,2261254.1891939295,1.7695128917694092e-08
2026-03-26,645.0900268554688,1.0307452456243225,0.0,3262674.107260309,-3985261.6780544166,3304773.963398224,2582186.392604111,2582186.392604117,-5.587935447692871e-09
2026-03-27,634.0900268554688,1.100115898222917,0.0,3352509.190313681,-3792013.1781073287,3291739.051118778,2852235.063325148,2852235.0633251304,1.7695128917694092e-08
2026-03-30,631.969970703125,1.0703559180346167,0.0,3335111.516667221,-3673144.3088170025,3277326.845685311,2939294.0535355243,2939294.05353553,-5.587935447692871e-09
2026-03-31,650.3400268554688,1.290013514746897,0.0,3203148.574049736,-4198207.634319435,3287356.944993208,2292297.8847235264,2292297.884723509,1.7229467630386353e-08
2026-04-01,655.239990234375,1.2667220753712338,0.0,3140065.171228419,-4252274.448008678,3278981.4139588852,2166772.1371786087,2166772.1371786264,-1.7695128917694092e-08
2026-04-02,655.8300170898438,1.2283684897624574,0.0,3115645.034000097,-4221069.439657842,3274234.5457547167,2168810.1400969666,2168810.1400969718,-5.122274160385132e-09
2026-04-06,658.9299926757812,1.197606166352514,0.0,3031482.2099663722,-4190876.4729209184,3254099.3240681533,2094705.0611136132,2094705.0611136071,6.05359673500061e-09
2026-04-07,659.219970703125,1.1611818766656228,0.0,3008549.3706673267,-4153568.282563321,3249870.877289044,2104851.9653930445,2104851.96539305,-5.587935447692871e-09
2026-04-08,676.010009765625,1.3114339548577862,0.0,2841837.719381647,-4461821.0884901695,3206374.5695401216,1586391.2004315993,1586391.2004315993,0.0
2026-04-09,679.9099731445312,1.2807557147772377,0.0,2772651.1867639143,-4468079.7767132055,3188275.938961073,1492847.3490117933,1492847.3490117816,1.1641532182693481e-08
2026-04-10,679.4600219726562,1.2418649405077948,0.0,2751501.231684885,-4425377.298363671,3183970.2075766632,1510094.1408978775,1510094.1408978775,0.0
2026-04-13,686.0999755859375,1.2318022701331734,0.0,2628464.0643199673,-4435885.021761269,3144883.0348883756,1337462.077447062,1337462.0774470735,-1.1641532182693481e-08
2026-04-14,694.4600219726562,1.2374195058504158,0.0,2513500.534918939,-4483500.064163026,3102805.922575388,1132806.3933313126,1132806.393331301,1.1641532182693481e-08
2026-04-15,699.9400024414062,1.217998784713408,0.0,2423130.398720829,-4485288.329540053,3070022.373599815,1007864.4427805906,1007864.4427805906,0.0
2026-04-16,701.6599731445312,1.18271635400875,0.0,2370127.787408617,-4456778.988744842,3053793.9738557907,967142.7725195652,967142.7725195657,-4.656612873077393e-10
2026-04-17,710.1400146484375,1.1908435117625988,0.0,441028.1838590512,-2653024.4813474943,3005485.876473668,793489.578985225,793489.578985225,0.0
2026-04-20,708.719970703125,1.1558059706520283,0.0,417690.57150245644,-2602957.6398433885,2997636.148621922,812369.0802809782,812369.0802809899,-1.1641532182693481e-08
2026-04-21,704.0800170898438,1.1342805507274694,0.0,425903.4399538301,-2537301.311595994,3017136.953675945,905739.0820337925,905739.0820337809,1.1641532182693481e-08
2026-04-22,711.2100219726562,1.1322574640314704,0.0,386147.0606405288,-2602553.372184816,2972760.9859100776,756354.6743657789,756354.6743657906,-1.1641532182693481e-08
2026-04-23,708.4500122070312,1.1026784484380412,0.0,381489.25189184956,-2556207.8598367632,2980953.4270633594,806234.8191184341,806234.8191184457,-1.1641532182693481e-08
2026-04-24,713.9400024414062,1.0888367912494974,0.0,346160.194528813,-2596768.5406014905,2942873.7619332387,692265.4158605379,692265.4158605612,-2.3283064365386963e-08
2026-04-27,715.1699829101562,1.0566696730520386,0.0,310375.0705788727,-2572196.181744593,2918930.369313201,657109.2581475154,657109.2581474804,3.4924596548080444e-08
2026-04-28,711.6900024414062,1.0327512636978466,0.0,309219.7837006068,-2521798.2714110403,2932704.2830866296,720125.795376231,720125.795376196,3.4924596548080444e-08
2026-04-29,711.5800170898438,1.0012980308443618,0.0,290688.7054431718,-2500504.43818121,2924774.5462228428,714958.8134848163,714958.8134848047,1.1641532182693481e-08
2026-04-30,718.6599731445312,1.0062540905034791,0.0,258075.07880993653,-2560816.5280531975,2877389.6727514686,574648.2235082076,574648.2235082076,0.0
2026-05-01,720.6500244140625,0.9783985020337665,0.0,233285.8897894621,-2559382.5459822663,2856618.8466942287,530522.1905014128,530522.1905014245,-1.1641532182693481e-08
2026-05-04,718.010009765625,0.9536569768396129,0.0,213355.0724353525,-2503804.6757163946,2855898.678916367,565449.075635313,565449.0756353247,-1.1641532182693481e-08
2026-05-05,723.77001953125,0.9489762150010277,0.0,184923.43599757878,-2542316.7466818355,2812054.0730014443,454660.7623171876,454660.7623171876,0.0
2026-05-06,733.8300170898438,0.9913642537119053,0.0,164995.79522436252,-2608289.024367463,2748956.3513500383,305663.1222069496,305663.122206938,1.1641532182693481e-08
2026-05-07,731.5800170898438,0.9646654238417333,0.0,154603.6313467077,-2581156.605734001,2754477.8676284477,327924.8932411312,327924.8932411545,-2.3283064365386963e-08
2026-05-08,737.6199951171875,0.9607792001743725,0.0,130729.93562696502,-2600253.47915343,2708918.819880369,239395.27635390405,239395.27635390405,0.0
2026-05-11,739.2999877929688,0.9334948211605809,0.0,106272.21748186275,-2579162.402351224,2678425.0266300165,205534.8417606554,205534.8417606554,0.0
2026-05-12,738.1799926757812,0.9059645594567363,0.0,94958.43631690368,-2560479.9548868323,2675419.6720740176,209898.15350407735,209898.153504089,-1.1641532182693481e-08
2026-05-13,742.3099975585938,0.890948362231998,0.0,77369.65678798733,-2564353.65470245,2639139.992122492,152155.994208029,152155.994208029,0.0
2026-05-14,748.1699829101562,0.889035692527527,0.0,62770.13969102409,-2571428.071755264,2594456.113472488,85798.18140825955,85798.18140824791,1.1641532182693481e-08
2026-05-15,739.1699829101562,0.9207153544014057,0.0,87966.66480833665,-2547585.878294171,2660597.516251658,200978.30276581226,200978.3027658239,-1.1641532182693481e-08
2026-05-18,738.6500244140625,0.89286500363277,0.0,67968.39022713248,-2516409.4849603483,2646681.174107094,198240.07937387796,198240.07937387796,0.0
2026-05-19,733.72998046875,0.8839233077452653,0.0,70752.89121537935,-2482747.718461172,2674279.4566577184,262284.6294119372,262284.62941192556,1.1641532182693481e-08
2026-05-20,741.25,0.8993370789365365,0.0,58331.38552212622,-2514209.213786456,2622362.2406520997,166484.41238777013,166484.41238777013,0.0
2026-05-21,742.719970703125,0.8735478921123644,0.0,43091.2848232314,-2505823.9414754207,2599276.0900418623,136543.43338968465,136543.433389673,1.1641532182693481e-08
2026-05-22,745.6400146484375,0.8534124069163068,0.0,28170.870392164215,-2502221.6648295755,2568847.2269628663,94796.43252545502,94796.43252545502,0.0
2026-05-26,750.5900268554688,0.8461244852380826,0.0,6147.447003598791,-2483220.0491235126,2514309.622444492,37237.02032457804,37237.02032457804,0.0
2026-05-27,750.4600219726562,0.820361204512779,0.0,-5361.891405459028,-2469335.1572273998,2503443.421102257,28746.37246938655,28746.372469398193,-1.1641532182693481e-08
2026-05-28,754.5999755859375,0.8088630325661373,0.0,-15841.478042304516,-2464533.5687995073,2465530.881788896,-14844.165052915923,-14844.165052915923,0.0
2026-05-29,756.47998046875,0.7870401635698328,0.0,-26920.148176315706,-2453048.4703405527,2441250.992859481,-38717.62565738754,-38717.62565738754,0.0
2026-06-01,758.5399780273438,0.7665217468664779,0.0,-42873.7158330041,-2427508.2656563143,2403854.761965596,-66527.21952371066,-66527.2195237223,1.1641532182693481e-08
2026-06-02,759.5700073242188,0.7440559642921656,0.0,-52438.63738630898,-2414567.491313012,2384974.538336287,-82031.5903630224,-82031.59036303405,1.1641532182693481e-08
2026-06-03,754.239990234375,0.7455660224653962,0.0,-53036.784785822965,-2406117.579934164,2419436.054261122,-39718.31045886502,-39718.31045886502,0.0
2026-06-04,757.0900268554688,0.7298564255067544,0.0,-61371.72169960104,-2396811.8795921444,2389285.6077806675,-68897.99351107795,-68897.99351107795,0.0
2026-06-05,737.5499877929688,0.9948622355758425,0.0,32748.76106537413,-2410579.461428756,2595775.387832371,217944.68746901257,217944.6874689893,2.3283064365386963e-08
2026-06-08,739.219970703125,0.9664493204654884,0.0,3086.033995321486,-2387879.9597278005,2564147.276019305,179353.35028680274,179353.35028682603,-2.3283064365386963e-08
2026-06-09,737.0499877929688,0.9403000451207743,0.0,-8722.280356171541,-2362690.861686517,2568048.27620734,196635.13416466303,196635.1341646514,1.1641532182693481e-08
2026-06-10,725.4299926757812,1.0058470815792222,0.0,25803.03571668919,-2296315.0267824647,2658391.427973169,387879.4369073934,387879.4369073934,0.0
2026-06-11,737.760009765625,1.0743319140797931,0.0,21101.072648284025,-2387300.211373996,2586435.126077349,220235.98735163687,220235.98735163687,0.0
2026-06-12,741.75,1.0515440063076489,0.0,2015.0999610428698,-2390259.6942417673,2550245.170221047,162000.5759403226,162000.5759403226,0.0
2026-06-15,754.8300170898438,1.1215813301775042,0.0,-11313.531355326995,-2414141.9294345425,2466873.826500494,41418.365710624494,41418.365710624494,0.0
2026-06-16,750.3300170898438,1.0991086955344154,0.0,-19155.798070249148,-2395491.585128347,2485562.375523732,70914.99232514761,70914.99232513597,1.1641532182693481e-08
2026-06-17,740.9600219726562,1.1173641082669292,0.0,-9316.394881089218,180440.88025697274,0.0,171124.48537588352,171124.48537588352,0.0
2026-06-18,746.739990234375,1.1030760083459459,0.0,-27015.250599139836,125688.1007750053,0.0,98672.85017588874,98672.85017586546,2.3283064365386963e-08
2026-06-22,744.3900146484375,1.072788715086144,956398.6939369934,-2812345.7232292276,1955796.7306634178,0.0,99849.7013712069,99849.70137118362,2.3283064365386963e-08
2026-06-23,733.5800170898438,1.1112489538293286,1060436.7504618363,-2990522.2725339234,2170456.5142027335,0.0,240370.99213063484,240370.99213064648,-1.1641532182693481e-08
2026-06-24,733.239990234375,1.077467177492995,1022883.7906855624,-2951017.4890030874,2161645.949345117,0.0,233512.25102760363,233512.251027592,1.1641532182693481e-08
2026-06-25,734.2999877929688,1.045357328995732,974052.829664899,-2891249.565672362,2125547.6478358964,0.0,208350.91182843316,208350.91182843316,0.0
2026-06-26,728.989990234375,1.031929675819939,995751.0872426676,-2946639.0153581044,2234233.1050869543,0.0,283345.1769715175,283345.1769715175,0.0
2026-06-29,741.0,1.0917701122234806,889914.3469733652,-2765356.3418287085,1994671.191970131,0.0,119229.19711481081,119229.19711478753,2.3283064365386963e-08
2026-06-30,746.77001953125,1.0786454269762407,820280.3646185901,-2649975.8407775895,1873743.0650752154,0.0,44047.588916216046,44047.588916216046,0.0
2026-07-01,745.760009765625,1.046411728368537,789493.431783584,-2619592.645062413,1875590.2257987182,0.0,45491.012519889046,45491.012519889046,0.0
2026-07-02,744.780029296875,1.0151430986572083,758900.1331187552,-2589218.945009669,1877903.2735774643,0.0,47584.46168657392,47584.46168655064,2.3283064365386963e-08
2026-07-06,751.280029296875,1.0112812388206673,649511.8026445154,-2421730.785418127,1739317.594813148,0.0,-32901.387960475404,-32901.38796046376,-1.1641532182693481e-08
2026-07-07,747.7100219726562,0.9887140925723652,640950.9794736397,-2431713.7066545547,1780166.3315081154,0.0,-10596.39567277627,-10596.395672799554,2.3283064365386963e-08
2026-07-08,745.4000244140625,0.9621589623822671,621843.9306130866,-2421907.3392577004,1804265.877660748,0.0,4202.469016134273,4202.469016134273,0.0
2026-07-09,751.7100219726562,0.9597017866625696,565648.1799416477,-2312298.0008263607,1689718.01106598,0.0,-56931.80981873302,-56931.80981873302,0.0
2026-07-10,754.9500122070312,0.9375477874513015,517172.3929221742,-2225744.7067155386,1616134.554891428,0.0,-92437.75890191318,-92437.75890193647,2.3283064365386963e-08
2026-07-13,749.1699829101562,0.9319353827066167,510999.0861352533,-2246809.587326669,1692650.1999832108,0.0,-43160.30120818177,-43160.301208205055,2.3283064365386963e-08
2026-07-14,751.8300170898438,0.9085033202641566,469664.87261027796,-2167686.661481869,1629963.273039437,0.0,-68058.51583215408,-68058.51583215408,0.0
2026-07-15,754.8099975585938,0.8871570598128249,429646.1516112555,-2085693.729661568,1561951.0469419416,0.0,-94096.53110838262,-94096.53110837098,-1.1641532182693481e-08
2026-07-16,750.719970703125,0.8723182308833198,429390.6256808201,-2108980.18205422,1617922.4539710558,0.0,-61667.10240235552,-61667.10240234388,-1.1641532182693481e-08
2026-07-17,743.2899780273438,0.8865896283036331,-240893.83130784845,-1506720.1796710026,1763481.9334152737,0.0,15867.922436422668,15867.922436422668,0.0
2026-07-20,742.0900268554688,0.8606658688089585,-252839.6612344426,-1476598.5225173878,1759743.62469021,0.0,30305.440938379616,30305.440938379616,0.0
2026-07-21,748.280029296875,0.8635116698005724,-246462.902848667,-1416350.300693442,1627019.5096822223,0.0,-35793.69385991013,-35793.693859886844,-2.3283064365386963e-08
2026-07-22,747.4099731445312,0.8377835894602709,-251063.44397770008,-1400187.0893686893,1621217.4471024307,0.0,-30033.086243958678,-30033.086243958678,0.0
2026-07-23,738.1799926757812,0.877613705497094,-264075.583272276,-1487939.3721127184,1826649.974057509,0.0,74635.0186725147,74635.0186725147,0.0
2026-07-24,738.9299926757812,0.8513113580680285,-267682.9013440991,-1458935.4001727188,1790536.2926602946,0.0,63917.991143476684,63917.991143476684,0.0
2026-07-27,739.0900268554688,0.8253973024567123,-275681.90404000925,-1416551.4827350038,1759147.4091731478,0.0,66914.0223981347,66914.0223981347,0.0
2026-07-28,740.8599853515625,0.8028049862230512,-274487.45686167385,-1380976.4397670282,1705808.2979643252,0.0,50344.401335623115,50344.401335623115,0.0
2026-07-29,729.4600219726562,0.8819385026943499,-297812.67713754205,-1513309.5690688584,2037671.012607799,0.0,226548.76640142174,226548.76640139846,2.3283064365386963e-08
2026-07-30,741.6900024414062,0.963779182662826,-275246.1995454505,-1439745.2468129573,1775140.240139293,0.0,60148.79378089681,60148.79378088517,1.1641532182693481e-08
2026-07-31,747.030029296875,0.9539119901886585,-269126.9204445183,-1381640.7596379868,1655256.960557343,0.0,4489.280474849511,4489.280474837869,1.1641532182693481e-08
2026-08-03,757.6699829101562,0.9992015001556335,-257565.98164417082,-1292035.8592692297,1476461.4198044874,0.0,-73140.42110888986,-73140.42110891314,2.3283064365386963e-08
2026-08-04,771.3300170898438,1.0802109314692898,-240138.88108443934,-1224754.4086398557,1330836.6415141732,0.0,-134056.64821012178,-134056.64821012178,0.0
2026-08-05,769.7899780273438,1.0486663898534387,-242295.49689928535,-1209250.9822465712,1323670.6122208387,0.0,-127875.86692499463,-127875.86692501791,2.3283064365386963e-08
2026-08-06,768.5599975585938,1.0176187964798336,-243169.52424929477,-1191405.773308617,1312077.103278914,0.0,-122498.19427902112,-122498.19427899783,-2.3283064365386963e-08
2026-08-07,773.260009765625,1.0,-233581.2410862418,-1139434.6851299284,1238101.2795048882,0.0,-134914.64671128197,-134914.64671128197,0.0
